City_ID,City,Country,Date,Lat,Lng,Max Temp,Humidity,Cloudiness,Wind Speed
0,Rocha,UY,2020-08-22 19:34:41,-34.48,-54.33,57.9,62,0,4.56
1,Georgetown,MY,2020-08-22 19:29:54,5.41,100.34,80.6,88,40,1.48
2,Krapkowice,PL,2020-08-22 19:34:41,50.48,17.97,66.99,96,100,1.01
3,Avarua,CK,2020-08-22 19:34:41,-21.21,-159.78,73.4,83,64,8.05
4,Esperance,AU,2020-08-22 19:34:42,-33.87,121.9,50.0,87,40,12.75
5,Clyde River,CA,2020-08-22 19:34:42,70.47,-68.59,49.86,70,99,7.02
6,Bambous Virieux,MU,2020-08-22 19:34:42,-20.34,57.76,69.8,83,40,11.41
7,Astoria,US,2020-08-22 19:32:03,46.19,-123.83,68.0,68,20,5.82
8,Cherskiy,RU,2020-08-22 19:34:42,68.75,161.3,37.85,94,100,21.54
9,Kapaa,US,2020-08-22 19:34:43,22.08,-159.32,84.2,66,1,14.99
10,Mount Gambier,AU,2020-08-22 19:34:43,-37.83,140.77,44.6,87,75,12.75
11,Hithadhoo,MV,2020-08-22 19:34:43,-0.6,73.08,83.35,79,0,14.52
12,Punta Arenas,CL,2020-08-22 19:33:17,-53.15,-70.92,46.4,65,40,23.04
13,Rikitea,PF,2020-08-22 19:34:44,-23.12,-134.97,66.83,71,64,19.46
14,Boende,CD,2020-08-22 19:34:44,-0.22,20.87,73.6,91,100,2.19
15,Dicabisagan,PH,2020-08-22 19:34:44,17.08,122.42,79.43,82,98,4.09
16,Saint-Philippe,RE,2020-08-22 19:34:44,-21.36,55.77,71.6,68,35,9.17
17,Bluff,NZ,2020-08-22 19:34:45,-46.6,168.33,39.0,97,97,1.99
18,Busselton,AU,2020-08-22 19:34:45,-33.65,115.33,50.0,84,69,11.1
19,Ribeira Grande,PT,2020-08-22 19:34:45,38.52,-28.7,73.4,78,40,6.93
20,Albany,US,2020-08-22 19:30:25,42.6,-73.97,86.0,44,11,8.86
21,Puerto Ayora,EC,2020-08-22 19:34:45,-0.74,-90.35,75.2,60,67,17.22
22,Vaini,TO,2020-08-22 19:34:46,-21.2,-175.2,75.2,94,20,6.93
23,Sinop,TR,2020-08-22 19:34:46,41.77,34.87,62.02,64,0,2.89
24,Manjacaze,MZ,2020-08-22 19:34:46,-24.71,33.88,58.55,94,0,5.1
25,Qaanaaq,GL,2020-08-22 19:34:47,77.48,-69.36,38.23,80,100,3.56
26,Coquimbo,CL,2020-08-22 19:34:47,-29.95,-71.34,51.8,81,90,8.05
27,Lusambo,CD,2020-08-22 19:34:47,-4.97,23.45,76.5,74,100,3.29
28,Mitsamiouli,KM,2020-08-22 19:34:47,-11.38,43.28,77.0,78,20,4.27
29,Butaritari,KI,2020-08-22 19:34:48,3.07,172.79,82.72,65,84,6.98
30,Olafsvik,IS,2020-08-22 19:34:48,64.89,-23.71,51.75,68,8,8.9
31,Cabinda,AO,2020-08-22 19:34:48,-5.55,12.2,74.16,86,34,7.96
32,Hobart,AU,2020-08-22 19:34:48,-42.88,147.33,46.4,81,75,21.92
33,Klaksvik,FO,2020-08-22 19:34:48,62.23,-6.59,46.4,93,100,24.16
34,Dikson,RU,2020-08-22 19:34:49,73.51,80.55,48.04,76,72,7.54
35,Loreto,MX,2020-08-22 19:31:31,22.27,-101.97,79.57,31,57,15.28
36,Thames,NZ,2020-08-22 19:34:49,-37.13,175.53,55.0,98,9,2.95
37,Puerto Padre,CU,2020-08-22 19:34:50,21.2,-76.6,91.4,59,75,4.7
38,Tiksi,RU,2020-08-22 19:34:50,71.69,128.87,40.37,90,100,6.87
39,Gogrial,SS,2020-08-22 19:34:50,8.53,28.1,74.95,88,14,3.8
40,Cravo Norte,CO,2020-08-22 19:34:50,6.3,-70.2,79.09,82,99,6.8
41,Mount Isa,AU,2020-08-22 19:34:51,-20.73,139.5,57.2,47,3,14.99
42,Mataura,NZ,2020-08-22 19:34:51,-46.19,168.86,39.0,97,96,1.99
43,New Norfolk,AU,2020-08-22 19:34:51,-42.78,147.06,44.01,91,100,1.99
44,Baykit,RU,2020-08-22 19:34:51,61.67,96.37,57.42,86,100,3.11
45,Carnarvon,AU,2020-08-22 19:34:51,-24.87,113.63,66.2,68,97,9.17
46,Moron,AR,2020-08-22 19:34:52,-34.65,-58.62,66.0,27,0,12.75
47,San Vicente,AR,2020-08-22 19:34:52,-26.62,-54.13,59.18,56,0,3.56
48,Nikolskoye,RU,2020-08-22 19:34:52,59.7,30.79,66.2,63,40,4.47
49,Qui Nhon,VN,2020-08-22 19:34:52,13.77,109.23,79.39,80,100,5.3
50,Upernavik,GL,2020-08-22 19:34:53,72.79,-56.15,43.97,71,78,10.2
51,Sinnamary,GF,2020-08-22 19:34:53,5.38,-52.95,83.32,71,31,9.04
52,Kahului,US,2020-08-22 19:34:53,20.89,-156.47,80.6,78,40,11.41
53,Srednekolymsk,RU,2020-08-22 19:34:54,67.45,153.68,35.51,89,100,12.59
54,Parry Sound,CA,2020-08-22 19:31:40,45.35,-80.03,79.0,60,100,5.99
55,Panguna,PG,2020-08-22 19:34:54,-6.32,155.48,67.82,96,99,1.77
56,Raga,SS,2020-08-22 19:34:55,8.46,25.68,71.74,95,83,2.42
57,Saint-Francois,FR,2020-08-22 19:34:55,46.42,3.91,73.4,49,99,5.82
58,Bredasdorp,ZA,2020-08-22 19:34:55,-34.53,20.04,57.2,82,0,12.75
59,Port Alfred,ZA,2020-08-22 19:34:55,-33.59,26.89,61.14,61,0,7.4
60,Winnemucca,US,2020-08-22 19:34:56,40.97,-117.74,89.6,10,1,6.93
61,Cape Town,ZA,2020-08-22 19:32:08,-33.93,18.42,57.0,93,3,2.24
62,Ushuaia,AR,2020-08-22 19:34:56,-54.8,-68.3,44.6,83,40,17.22
63,Kodiak,US,2020-08-22 19:34:56,57.79,-152.41,66.2,59,20,3.36
64,Biloela,AU,2020-08-22 19:34:56,-24.42,150.5,44.26,60,0,4.14
65,Saskylakh,RU,2020-08-22 19:34:57,71.92,114.08,35.24,86,0,4.5
66,Iqaluit,CA,2020-08-22 19:34:57,63.75,-68.51,48.2,70,20,8.05
67,Adrar,MR,2020-08-22 19:34:57,20.5,-10.07,104.85,8,41,5.64
68,Torbay,CA,2020-08-22 19:34:57,47.67,-52.73,70.0,52,40,8.05
69,Vardo,NO,2020-08-22 19:34:58,70.37,31.11,59.11,79,77,19.84
70,Berlevag,NO,2020-08-22 19:34:58,70.86,29.09,60.46,77,78,17.83
71,Tizimin,MX,2020-08-22 19:34:58,21.15,-88.15,84.76,82,100,5.75
72,Lompoc,US,2020-08-22 19:34:58,34.64,-120.46,82.4,54,1,11.41
73,Kaitangata,NZ,2020-08-22 19:34:59,-46.28,169.85,50.0,83,95,5.01
74,Lodja,CD,2020-08-22 19:34:59,-3.48,23.43,72.52,94,100,3.87
75,Hilo,US,2020-08-22 19:34:34,19.73,-155.09,82.4,69,20,5.82
76,Saldanha,ZA,2020-08-22 19:34:59,-33.01,17.94,55.4,82,0,4.7
77,Khatanga,RU,2020-08-22 19:34:59,71.97,102.5,48.27,76,0,7.25
78,San Angelo,US,2020-08-22 19:32:11,31.46,-100.44,93.0,31,1,8.05
79,Bengkulu,ID,2020-08-22 19:35:00,-3.8,102.27,75.85,89,93,3.69
80,Bethel,US,2020-08-22 19:31:30,41.37,-73.41,91.0,40,1,8.05
81,North Bend,US,2020-08-22 19:35:00,43.41,-124.22,73.99,68,1,14.99
82,Airai,TL,2020-08-22 19:35:01,-8.93,125.41,57.96,39,46,3.71
83,Derzhavinsk,KZ,2020-08-22 19:35:01,51.1,66.32,57.22,82,27,6.71
84,Faya,SA,2020-08-22 19:35:01,18.39,42.45,71.6,83,10,3.36
85,Grants,US,2020-08-22 19:35:01,35.15,-107.85,91.4,13,1,3.36
86,Yanam,IN,2020-08-22 19:35:01,16.73,82.22,78.76,92,90,4.94
87,Adre,TD,2020-08-22 19:35:02,13.47,22.2,70.07,92,100,14.74
88,Te Anau,NZ,2020-08-22 19:35:02,-45.42,167.72,40.5,88,100,0.6
89,Pisco,PE,2020-08-22 19:34:21,-13.7,-76.22,64.99,82,75,8.05
90,Pryozerne,UA,2020-08-22 19:35:03,45.27,36.33,73.49,65,75,9.26
91,Katangli,RU,2020-08-22 19:35:03,51.71,143.23,54.86,85,96,1.77
92,Sandwick,GB,2020-08-22 19:35:03,60.0,-1.25,55.4,93,2,8.05
93,Tucuman,AR,2020-08-22 19:35:03,-26.82,-65.22,71.6,17,0,16.11
94,Mahebourg,MU,2020-08-22 19:35:04,-20.41,57.7,69.8,83,40,11.41
95,Laguna,US,2020-08-22 19:35:04,38.42,-121.42,87.01,42,75,2.57
96,Aurora,US,2020-08-22 19:30:14,39.73,-104.83,95.0,8,20,9.17
97,San Patricio,MX,2020-08-22 19:35:04,19.22,-104.7,89.6,75,75,11.41
98,East London,ZA,2020-08-22 19:35:05,-33.02,27.91,67.03,36,0,5.46
99,Sangar,RU,2020-08-22 19:35:05,63.92,127.47,37.33,85,19,2.71
100,Yellowknife,CA,2020-08-22 19:35:05,62.46,-114.35,57.0,71,75,16.11
101,Acarau,BR,2020-08-22 19:32:29,-2.89,-40.12,81.16,67,1,17.4
102,Thompson,CA,2020-08-22 19:35:06,55.74,-97.86,48.2,81,90,8.05
103,Nanortalik,GL,2020-08-22 19:35:06,60.14,-45.24,48.61,67,44,2.42
104,Wawa,NG,2020-08-22 19:35:06,9.9,4.42,75.58,90,50,0.65
105,Sao Filipe,CV,2020-08-22 19:35:07,14.9,-24.5,79.18,77,28,2.93
106,Bajil,YE,2020-08-22 19:35:07,15.06,43.29,92.52,50,92,3.36
107,Saint George,US,2020-08-22 19:34:15,37.1,-113.58,99.0,30,1,4.7
108,Mayo,US,2020-08-22 19:35:07,38.89,-76.51,84.0,74,90,6.93
109,Thiruvananthapuram,IN,2020-08-22 19:35:07,8.48,76.92,82.4,88,20,4.7
110,Chabahar,IR,2020-08-22 19:35:08,25.29,60.64,82.15,84,62,7.7
111,Inuvik,CA,2020-08-22 19:35:08,68.35,-133.72,59.0,72,20,5.82
112,Christchurch,NZ,2020-08-22 19:30:14,-43.53,172.63,52.0,100,100,5.82
113,Venice,US,2020-08-22 19:35:08,27.1,-82.45,87.01,74,1,5.82
114,Fontenay-Le-Comte,FR,2020-08-22 19:35:09,46.58,-1.0,68.0,77,90,8.05
115,Kotra,IN,2020-08-22 19:35:09,25.82,79.32,79.27,82,88,12.44
116,Jalu,LY,2020-08-22 19:35:09,29.03,21.55,82.22,50,0,17.05
117,Sabzevar,IR,2020-08-22 19:35:09,36.21,57.68,83.46,15,0,11.39
118,Hambantota,LK,2020-08-22 19:35:10,6.12,81.12,80.6,94,75,6.93
119,Kenora,CA,2020-08-22 19:35:10,49.82,-94.43,78.8,74,75,9.17
120,Antofagasta,CL,2020-08-22 19:32:28,-23.65,-70.4,59.0,67,20,12.75
121,Inhambane,MZ,2020-08-22 19:35:10,-23.86,35.38,62.6,82,2,2.24
122,Noumea,NC,2020-08-22 19:35:05,-22.28,166.46,64.4,93,90,1.12
123,Miguel Hidalgo,MX,2020-08-22 19:35:11,19.42,-99.2,73.4,31,20,10.29
124,Hermanus,ZA,2020-08-22 19:35:11,-34.42,19.23,57.99,86,0,3.0
125,Lavrentiya,RU,2020-08-22 19:35:11,65.58,-171.0,46.17,95,100,8.39
126,Brae,GB,2020-08-22 19:35:11,60.4,-1.35,55.4,93,49,8.05
127,Waipawa,NZ,2020-08-22 19:35:12,-41.41,175.52,50.0,87,91,3.36
128,Donskoye,RU,2020-08-22 19:35:12,45.46,41.97,64.4,55,23,8.95
129,Tigre,AR,2020-08-22 19:35:12,-34.43,-58.58,64.99,18,0,14.99
130,Inirida,CO,2020-08-22 19:35:12,3.87,-67.92,78.22,84,92,2.73
131,Fairview,US,2020-08-22 19:35:13,40.81,-74.0,91.0,40,1,6.93
132,Iskateley,RU,2020-08-22 19:35:13,67.68,53.15,49.28,86,22,4.72
133,Poum,NC,2020-08-22 19:35:14,-20.23,164.02,71.87,75,0,6.13
134,Bandarbeyla,SO,2020-08-22 19:35:14,9.49,50.81,76.57,77,73,31.83
135,Buraydah,SA,2020-08-22 19:35:14,26.33,43.98,98.6,19,44,9.17
136,Tiznit,MA,2020-08-22 19:35:14,29.58,-9.5,90.37,24,62,4.56
137,Ano Mera,GR,2020-08-22 19:35:15,37.45,25.4,79.0,57,0,16.11
138,Codrington,AU,2020-08-22 19:35:15,-38.27,141.97,46.17,81,1,16.78
139,Gizo,SB,2020-08-22 19:35:15,-8.1,156.84,82.17,81,72,16.96
140,Shellbrook,CA,2020-08-22 19:35:15,53.22,-106.4,68.0,82,75,14.99
141,Tabou,CI,2020-08-22 19:35:16,4.42,-7.35,75.74,88,41,10.94
142,Nador,MA,2020-08-22 19:30:27,35.17,-2.93,86.0,58,3,5.82
143,Vuktyl,RU,2020-08-22 19:30:59,63.86,57.31,49.55,93,0,5.35
144,Atuona,PF,2020-08-22 19:35:16,-9.8,-139.03,78.4,78,3,18.72
145,Hami,CN,2020-08-22 19:35:17,42.8,93.45,76.95,26,0,4.92
146,Severo-Kurilsk,RU,2020-08-22 19:35:17,50.68,156.12,50.13,88,37,12.35
147,Mogadishu,SO,2020-08-22 19:35:17,2.04,45.34,76.3,83,40,15.37
148,Jamestown,US,2020-08-22 19:31:20,42.1,-79.24,84.0,47,75,8.05
149,Castro,BR,2020-08-22 19:35:17,-24.79,-50.01,50.54,74,82,8.23
150,Rio Gallegos,AR,2020-08-22 19:35:18,-51.62,-69.22,55.4,47,75,13.87
151,Barrow,US,2020-08-22 19:34:52,71.29,-156.79,41.0,93,90,23.04
152,Camacupa,AO,2020-08-22 19:35:18,-12.02,17.48,68.38,43,64,1.61
153,Taoudenni,ML,2020-08-22 19:35:18,22.68,-3.98,109.18,7,16,11.3
154,San-Pedro,CI,2020-08-22 19:35:19,4.75,-6.64,75.13,89,26,7.99
155,Pangnirtung,CA,2020-08-22 19:35:19,66.15,-65.71,50.0,76,20,9.17
156,Krasnoarmeysk,RU,2020-08-22 19:35:19,51.02,45.7,64.99,47,59,1.99
157,Helena,US,2020-08-22 19:35:19,46.59,-112.04,84.2,26,1,14.99
158,Tuktoyaktuk,CA,2020-08-22 19:32:37,69.45,-133.04,53.6,81,20,11.41
159,Hervey Bay,AU,2020-08-22 19:35:20,-25.3,152.85,53.6,40,0,8.05
160,Harper,LR,2020-08-22 19:35:20,4.38,-7.72,75.9,87,39,11.25
161,West Wendover,US,2020-08-22 19:33:53,40.74,-114.07,91.4,11,1,8.05
162,Yefremov,RU,2020-08-22 19:35:20,53.15,38.1,58.5,80,0,4.7
163,Vao,NC,2020-08-22 19:35:21,-22.67,167.48,72.28,86,56,10.8
164,Ouesso,CG,2020-08-22 19:35:22,1.61,16.05,72.32,94,100,0.92
165,Vallenar,CL,2020-08-22 19:32:02,-28.57,-70.76,72.73,21,0,12.03
166,Nelson Bay,AU,2020-08-22 19:35:22,-32.72,152.15,50.0,66,93,26.4
167,Gravdal,NO,2020-08-22 19:35:22,68.12,13.5,56.73,93,100,14.09
168,Port Hardy,CA,2020-08-22 19:35:23,50.7,-127.42,57.2,87,90,6.93
169,Belyy Yar,RU,2020-08-22 19:35:23,53.6,91.39,51.8,100,6,2.8
170,Port Macquarie,AU,2020-08-22 19:30:57,-31.43,152.92,52.0,47,0,1.01
171,Papar,MY,2020-08-22 19:35:24,5.73,115.93,75.2,100,20,3.76
172,Banda Aceh,ID,2020-08-22 19:35:24,5.56,95.32,78.66,80,24,6.49
173,Keelung,TW,2020-08-22 19:35:24,25.13,121.74,80.6,88,75,12.75
174,Ouro Preto Do Oeste,BR,2020-08-22 19:35:24,-10.75,-62.22,89.24,25,0,3.87
175,Sitka,US,2020-08-22 19:35:25,57.05,-135.33,57.2,87,75,4.7
176,Chegdomyn,RU,2020-08-22 19:35:25,51.12,133.02,58.55,95,100,4.07
177,Langsa,ID,2020-08-22 19:35:25,4.47,97.97,75.04,91,36,2.44
178,Lorengau,PG,2020-08-22 19:35:26,-2.02,147.27,80.38,77,11,2.39
179,Crixas,BR,2020-08-22 19:35:26,-14.55,-49.97,90.1,28,63,10.2
180,Kirakira,SB,2020-08-22 19:35:26,-10.45,161.92,80.22,82,100,10.45
181,Chuy,UY,2020-08-22 19:35:27,-33.7,-53.46,55.33,57,0,5.48
182,Ahipara,NZ,2020-08-22 19:35:27,-35.17,173.17,55.17,91,32,6.8
183,Ulladulla,AU,2020-08-22 19:35:27,-35.35,150.47,48.2,55,8,16.11
184,Cabo San Lucas,MX,2020-08-22 19:35:28,22.89,-109.91,91.4,58,5,8.05
185,Longyearbyen,SJ,2020-08-22 19:35:28,78.22,15.64,42.8,70,40,8.05
186,Cidreira,BR,2020-08-22 19:35:29,-30.18,-50.21,55.87,66,0,6.38
187,Provideniya,RU,2020-08-22 19:35:29,64.38,-173.3,49.53,93,100,4.83
188,Tokoroa,NZ,2020-08-22 19:35:29,-38.23,175.87,51.01,90,65,5.99
189,Saint-Augustin,CA,2020-08-22 19:35:29,51.23,-58.65,64.24,65,96,4.54
190,Shingu,JP,2020-08-22 19:35:30,33.73,135.98,74.71,87,100,4.38
191,Surt,LY,2020-08-22 19:35:30,31.21,16.59,79.16,72,0,9.42
192,Olinda,BR,2020-08-22 19:35:31,-8.01,-34.86,78.8,78,75,12.75
193,Carutapera,BR,2020-08-22 19:35:31,-1.2,-46.02,82.65,73,8,9.91
194,Garden City,US,2020-08-22 19:31:14,42.33,-83.33,91.0,38,20,4.7
195,Rawson,AR,2020-08-22 19:35:32,-43.3,-65.1,65.86,27,0,8.95
196,Vila Franca Do Campo,PT,2020-08-22 19:35:33,37.72,-25.43,77.0,78,20,5.82
197,Ust-Karsk,RU,2020-08-22 19:35:33,52.7,118.81,58.03,83,99,2.66
198,Kruisfontein,ZA,2020-08-22 19:35:33,-34.0,24.73,55.0,73,0,6.13
199,Pangkalanbuun,ID,2020-08-22 19:35:34,-2.68,111.62,75.27,95,100,2.46
200,Axim,GH,2020-08-22 19:32:15,4.87,-2.24,75.47,88,26,8.19
201,Arraial Do Cabo,BR,2020-08-22 19:35:34,-22.97,-42.03,68.0,60,75,12.75
202,Victoria,HK,2020-08-22 19:30:39,22.29,114.16,82.0,78,19,3.78
203,Peterhead,GB,2020-08-22 19:31:29,57.51,-1.8,60.01,82,99,4.7
204,Walvis Bay,NA,2020-08-22 19:35:35,-22.96,14.51,66.0,61,0,11.68
205,Chunoyar,RU,2020-08-22 19:35:35,57.45,97.32,57.36,94,100,1.72
206,Kjollefjord,NO,2020-08-22 19:35:35,70.95,27.35,60.76,75,44,18.88
207,Potosi,BO,2020-08-22 19:31:42,-19.58,-65.75,55.92,23,4,19.57
208,Boyolangu,ID,2020-08-22 19:35:37,-8.12,111.89,74.01,90,63,3.71
209,Gladstone,AU,2020-08-22 19:31:10,-23.85,151.25,59.0,30,0,9.17
210,Tasiilaq,GL,2020-08-22 19:35:37,65.61,-37.64,50.0,53,20,12.75
211,Slobidka,UA,2020-08-22 19:35:38,47.89,29.35,64.6,69,0,8.5
212,Jacareacanga,BR,2020-08-22 19:35:38,-6.22,-57.75,99.34,20,0,1.7
213,Uyuni,BO,2020-08-22 19:35:38,-20.46,-66.83,52.75,29,10,25.46
214,Koroni,GR,2020-08-22 19:35:38,36.8,21.95,78.8,47,0,4.7
215,Tefe,BR,2020-08-22 19:35:39,-3.35,-64.71,71.6,73,90,4.7
216,Diego De Almagro,CL,2020-08-22 19:35:39,-26.37,-70.05,72.18,20,0,9.93
217,Kondinskoye,RU,2020-08-22 19:35:39,59.65,67.41,50.4,91,66,7.05
218,Vanimo,PG,2020-08-22 19:35:39,-2.67,141.3,77.85,82,21,2.48
219,Soissons,FR,2020-08-22 19:35:40,49.33,3.33,73.0,52,100,1.99
220,Klyuchi,RU,2020-08-22 19:35:40,52.27,79.17,58.71,69,100,8.5
221,Flinders,AU,2020-08-22 19:35:40,-34.58,150.86,48.99,57,1,11.01
222,Brigantine,US,2020-08-22 19:35:41,39.41,-74.36,89.01,62,40,6.93
223,Portland,US,2020-08-22 19:32:00,45.52,-122.68,73.0,60,75,8.05
224,Orodara,BF,2020-08-22 19:35:41,10.95,-4.93,72.21,88,47,1.92
225,Tilichiki,RU,2020-08-22 19:35:41,60.47,166.1,47.82,88,100,2.84
226,Palu,ID,2020-08-22 19:35:34,-0.89,119.87,75.18,75,82,3.65
227,Isoka,ZM,2020-08-22 19:35:42,-10.16,32.63,60.08,66,62,4.83
228,Sibi,PK,2020-08-22 19:35:42,29.54,67.88,100.08,39,29,1.32
229,Pacific Grove,US,2020-08-22 19:34:48,36.62,-121.92,66.2,68,1,8.05
230,Yaan,NG,2020-08-22 19:35:42,7.38,8.57,74.35,95,100,4.85
231,Broken Hill,AU,2020-08-22 19:35:43,-31.95,141.43,39.2,86,1,9.17
232,Vilyuysk,RU,2020-08-22 19:35:43,63.76,121.62,38.75,80,0,4.5
233,Lagoa,PT,2020-08-22 19:35:43,39.05,-27.98,72.68,76,55,8.01
234,Labuhan,ID,2020-08-22 19:35:43,-6.88,112.21,76.46,84,0,7.54
235,Kavaratti,IN,2020-08-22 19:33:15,10.57,72.64,82.65,77,69,11.92
236,Sur,OM,2020-08-22 19:35:44,22.57,59.53,81.1,74,96,13.0
237,Buchanan,LR,2020-08-22 19:35:44,5.88,-10.05,77.0,94,75,9.17
238,Pastavy,BY,2020-08-22 19:35:44,55.12,26.83,63.07,85,99,12.86
239,Verkhnyaya Toyma,RU,2020-08-22 19:35:44,62.23,45.0,58.57,86,0,2.64
240,Nguru,NG,2020-08-22 19:35:45,12.88,10.45,82.78,59,98,6.64
241,Nemuro,JP,2020-08-22 19:35:45,43.32,145.57,59.97,87,0,6.98
242,Katsuura,JP,2020-08-22 19:35:46,35.13,140.3,78.8,83,75,12.75
243,Mayna,RU,2020-08-22 19:35:46,54.11,47.62,51.35,93,3,4.47
244,Holme,DK,2020-08-22 19:35:46,56.11,10.17,63.0,82,0,6.93
245,Ler,SS,2020-08-22 19:35:47,8.3,30.14,74.84,85,0,3.33
246,Zharkent,KZ,2020-08-22 19:35:47,44.16,80.0,67.15,31,22,2.71
247,Rancho Palos Verdes,US,2020-08-22 19:35:47,33.74,-118.39,91.4,31,40,9.17
248,Santiago,CL,2020-08-22 19:33:52,-33.46,-70.65,75.2,30,0,8.05
249,Mar Del Plata,AR,2020-08-22 19:32:56,-38.0,-57.56,60.8,31,0,16.11
250,Kaeo,NZ,2020-08-22 19:35:48,-35.1,173.78,51.01,3,1,5.17
251,Oranjestad,AW,2020-08-22 19:32:46,12.52,-70.03,86.0,79,40,9.17
252,Whitehorse,CA,2020-08-22 19:32:48,60.72,-135.05,60.8,72,75,3.36
253,Zhezkazgan,KZ,2020-08-22 19:35:49,47.8,67.71,60.91,57,56,6.96
254,Devonport,AU,2020-08-22 19:31:14,-41.17,146.35,44.01,61,6,3.0
255,Salamanca,ES,2020-08-22 19:35:49,40.83,-6.0,79.0,30,33,6.46
256,Whittlesea,ZA,2020-08-22 19:35:50,-32.18,26.82,54.27,31,0,9.69
257,Notodden,NO,2020-08-22 19:35:50,59.56,9.26,60.01,82,0,1.99
258,San Pedro,PH,2020-08-22 19:35:51,14.35,121.02,80.6,88,100,2.24
259,Hlohovec,SK,2020-08-22 19:35:51,48.43,17.8,77.0,69,100,8.05
260,Wum,CM,2020-08-22 19:35:51,6.38,10.07,65.39,100,100,0.89
261,Finschhafen,PG,2020-08-22 19:35:51,-6.6,147.87,78.17,75,3,9.6
262,Swan Hill,AU,2020-08-22 19:35:51,-35.34,143.55,39.18,95,0,11.36
263,Bilma,NE,2020-08-22 19:35:52,18.69,12.92,97.32,28,33,6.58
264,Hirna,ET,2020-08-22 19:35:52,9.22,41.1,61.92,82,38,10.25
265,Lufilufi,WS,2020-08-22 19:35:52,-13.87,-171.6,78.8,94,20,2.24
266,Podporozhye,RU,2020-08-22 19:35:53,60.91,34.17,58.17,80,100,5.44
267,Clive,US,2020-08-22 19:35:53,41.6,-93.72,88.0,54,90,11.41
268,Saint Anthony,US,2020-08-22 19:35:53,45.02,-93.22,82.99,61,75,4.7
269,Yulara,AU,2020-08-22 19:35:53,-25.24,130.99,50.0,46,0,5.82
270,Ilulissat,GL,2020-08-22 19:35:54,69.22,-51.1,46.4,61,20,4.7
271,Wanning,CN,2020-08-22 19:35:54,18.8,110.4,79.3,85,0,2.91
272,San Rafael,AR,2020-08-22 19:33:00,-34.62,-68.33,68.68,20,0,20.47
273,Talnakh,RU,2020-08-22 19:35:54,69.49,88.4,57.2,67,69,13.42
274,Barinas,VE,2020-08-22 19:35:54,8.62,-70.21,84.99,66,0,10.18
275,Culebra,PR,2020-08-22 19:35:55,18.3,-65.3,84.2,83,90,24.16
276,Hirara,JP,2020-08-22 19:35:55,24.8,125.28,80.92,90,100,41.83
277,Chumikan,RU,2020-08-22 19:35:55,54.72,135.31,53.76,83,92,4.45
278,Bonavista,CA,2020-08-22 19:35:55,48.65,-53.11,64.0,79,0,1.99
279,Umba,RU,2020-08-22 19:35:56,66.69,34.34,61.36,76,95,9.93
280,Lasa,IT,2020-08-22 19:35:56,46.62,10.7,61.0,93,5,4.7
281,Hasaki,JP,2020-08-22 19:35:56,35.73,140.83,77.0,94,75,4.7
282,Alice Springs,AU,2020-08-22 19:35:56,-23.7,133.88,44.6,48,0,4.97
283,Tuatapere,NZ,2020-08-22 19:35:56,-46.13,167.68,39.0,97,100,1.99
284,Algiers,DZ,2020-08-22 19:35:57,36.75,3.04,82.4,74,91,4.7
285,Pevek,RU,2020-08-22 19:35:57,69.7,170.31,38.23,98,100,5.39
286,Faanui,PF,2020-08-22 19:35:57,-16.48,-151.75,76.84,80,13,25.28
287,Kantang,TH,2020-08-22 19:35:57,7.41,99.52,77.65,87,59,4.34
288,Grand Gaube,MU,2020-08-22 19:35:58,-20.01,57.66,68.0,78,25,3.0
289,Shush,IR,2020-08-22 19:35:58,32.19,48.24,92.37,13,0,9.19
290,Buren,DE,2020-08-22 19:35:58,51.55,8.57,66.99,68,100,3.36
291,Cabuyaro,CO,2020-08-22 19:35:58,4.28,-72.79,82.24,74,39,7.14
292,Deputatskiy,RU,2020-08-22 19:35:59,69.3,139.9,30.63,99,95,1.34
293,Nambour,AU,2020-08-22 19:35:59,-26.63,152.95,46.99,53,0,1.01
294,Ambon,ID,2020-08-22 19:35:59,-3.7,128.18,77.0,88,40,3.36
295,Antsirabe,MG,2020-08-22 19:35:59,-19.85,47.03,47.46,84,6,5.17
296,Goundi,TD,2020-08-22 19:36:00,9.36,17.37,72.55,97,100,3.29
297,Fortuna,US,2020-08-22 19:36:00,40.6,-124.16,69.01,82,40,11.41
298,Okha,RU,2020-08-22 19:36:00,53.57,142.95,54.86,72,100,4.9
299,Kununurra,AU,2020-08-22 19:36:00,-15.77,128.73,66.2,24,0,8.81
300,Rio Grande,BR,2020-08-22 19:36:01,-32.03,-52.1,62.6,36,0,8.05
301,Berdigestyakh,RU,2020-08-22 19:36:01,62.1,126.7,35.83,85,0,3.51
302,Krasnoselkup,RU,2020-08-22 19:36:02,65.7,82.47,53.44,67,100,8.75
303,Haines Junction,CA,2020-08-22 19:36:02,60.75,-137.51,54.9,83,100,2.62
304,Anadyr,RU,2020-08-22 19:36:02,64.75,177.48,50.0,93,75,11.18
305,Gewane,ET,2020-08-22 19:36:03,10.17,40.65,84.56,49,16,13.76
306,Cap Malheureux,MU,2020-08-22 19:36:03,-19.98,57.61,68.0,78,3,3.0
307,Itaituba,BR,2020-08-22 19:34:39,-4.28,-55.98,95.0,44,20,4.7
308,Arco,IT,2020-08-22 19:36:03,45.92,10.89,75.99,90,60,3.0
309,Marystown,CA,2020-08-22 19:33:04,47.17,-55.15,63.99,67,0,14.63
310,Saint-Georges,GD,2020-08-22 19:36:04,12.06,-61.75,87.8,79,20,16.11
311,Mehamn,NO,2020-08-22 19:36:04,71.04,27.85,61.0,75,66,15.99
312,Morant Bay,JM,2020-08-22 19:36:04,17.88,-76.41,89.6,66,20,10.29
313,Kieta,PG,2020-08-22 19:36:05,-6.22,155.63,78.82,75,100,3.58
314,Riyadh,SA,2020-08-22 19:32:59,24.69,46.72,100.4,13,38,6.93
315,Ekhabi,RU,2020-08-22 19:36:05,53.51,142.97,53.13,91,100,3.09
316,Elizabeth City,US,2020-08-22 19:34:02,36.29,-76.25,89.6,62,20,6.93
317,La Asuncion,VE,2020-08-22 19:36:06,11.03,-63.86,89.6,59,85,6.93
318,Isangel,VU,2020-08-22 19:36:06,-19.55,169.27,73.4,83,10,6.93
319,Katobu,ID,2020-08-22 19:36:06,-4.94,122.53,70.95,91,76,3.47
320,Palora,EC,2020-08-22 19:36:06,-1.7,-77.93,73.4,78,75,6.93
321,Liverpool,GB,2020-08-22 19:36:06,53.41,-2.98,60.8,87,75,17.22
322,Dingle,PH,2020-08-22 19:36:07,11.0,122.67,76.57,88,97,2.21
323,Leningradskiy,RU,2020-08-22 19:36:07,69.38,178.42,46.56,83,10,4.81
324,Preobrazheniye,RU,2020-08-22 19:36:07,42.9,133.91,61.77,67,0,4.9
325,Morondava,MG,2020-08-22 19:36:07,-20.28,44.28,72.46,70,0,9.06
326,Narsaq,GL,2020-08-22 19:36:08,60.92,-46.05,55.4,58,20,10.29
327,Geraldton,AU,2020-08-22 19:36:08,-28.77,114.6,57.2,93,75,6.93
328,Lebu,CL,2020-08-22 19:36:08,-37.62,-73.65,53.49,75,0,11.25
329,Parrita,CR,2020-08-22 19:36:08,9.52,-84.32,75.2,73,40,6.93
330,Maraa,BR,2020-08-22 19:36:08,-1.83,-65.37,86.67,47,0,4.25
331,Revda,RU,2020-08-22 19:36:09,56.8,59.93,55.4,87,40,11.18
332,Khorixas,NA,2020-08-22 19:36:09,-20.37,14.97,66.16,23,16,7.25
333,Quelimane,MZ,2020-08-22 19:36:09,-17.88,36.89,71.6,73,20,3.36
334,Oranjemund,NA,2020-08-22 19:36:10,-28.55,16.43,61.77,44,0,8.79
335,Suffolk,US,2020-08-22 19:36:10,40.87,-72.8,84.99,62,1,9.17
336,Pascagoula,US,2020-08-22 19:33:42,30.37,-88.56,91.4,52,75,8.05
337,Promyshlennyy,RU,2020-08-22 19:36:10,67.58,63.92,41.95,96,0,7.58
338,Strezhevoy,RU,2020-08-22 19:36:11,60.73,77.59,48.2,100,90,2.24
339,Lata,PT,2020-08-22 19:36:11,40.16,-8.33,71.01,73,0,3.0
340,Babol,IR,2020-08-22 19:36:11,36.55,52.68,78.8,74,75,9.17
341,Kaseda,JP,2020-08-22 19:36:11,31.42,130.32,80.76,81,31,4.54
342,Ayagoz,KZ,2020-08-22 19:36:12,47.97,80.44,63.28,30,82,7.2
343,San Carlos De Bariloche,AR,2020-08-22 19:36:12,-41.15,-71.31,57.2,28,0,13.87
344,Osorno,CL,2020-08-22 19:36:12,-40.57,-73.15,53.6,71,0,1.12
345,Shaowu,CN,2020-08-22 19:36:13,27.34,117.48,75.34,81,15,1.1
346,Panaba,MX,2020-08-22 19:36:13,21.28,-88.27,89.58,62,99,11.83
347,Aranos,NA,2020-08-22 19:36:13,-24.13,19.12,58.57,35,0,10.2
348,Kismayo,SO,2020-08-22 19:36:13,-0.36,42.55,76.82,81,35,18.07
349,Mackenzie,CA,2020-08-22 19:36:14,55.3,-123.17,51.8,87,75,8.05
350,Chirgaon,IN,2020-08-22 19:36:14,25.58,78.82,79.12,87,94,14.58
351,Sorland,NO,2020-08-22 19:36:14,67.67,12.69,56.8,91,100,18.59
352,Bandiagara,ML,2020-08-22 19:36:14,14.35,-3.61,80.6,83,91,4.7
353,Porto Belo,BR,2020-08-22 19:36:15,-27.16,-48.55,63.0,55,0,9.17
354,Terney,RU,2020-08-22 19:36:15,45.05,136.61,60.73,70,88,5.84
355,Vasteras,SE,2020-08-22 19:36:15,59.62,16.55,68.0,60,0,10.29
356,Kuruman,ZA,2020-08-22 19:36:15,-27.45,23.43,52.0,41,0,6.26
357,Port-Gentil,GA,2020-08-22 19:32:35,-0.72,8.78,77.0,83,40,14.27
358,Quebo,GW,2020-08-22 19:36:16,11.33,-14.93,77.23,88,100,4.56
359,Dalvik,IS,2020-08-22 19:36:16,65.97,-18.53,50.0,71,0,11.41
360,Manaus,BR,2020-08-22 19:35:48,-3.1,-60.02,84.2,58,20,3.36
361,Ust-Omchug,RU,2020-08-22 19:36:16,61.15,149.63,33.69,89,100,8.08
362,Ketchikan,US,2020-08-22 19:36:17,55.34,-131.65,57.2,93,90,11.41
363,Puerto Carreno,CO,2020-08-22 19:36:17,6.19,-67.49,84.2,66,40,9.17
364,Sembakung,ID,2020-08-22 19:36:17,3.82,117.25,73.76,98,100,2.04
365,Puerto Del Rosario,ES,2020-08-22 19:36:17,28.5,-13.86,80.6,74,0,10.29
366,Orange Cove,US,2020-08-22 19:36:18,36.62,-119.31,89.6,43,1,6.93
367,Egvekinot,RU,2020-08-22 19:36:18,66.32,-179.17,47.52,95,100,9.44
368,Kavieng,PG,2020-08-22 19:36:18,-2.57,150.8,81.37,74,2,0.81
369,Xuddur,SO,2020-08-22 19:36:19,4.12,43.89,75.04,62,100,18.16
370,Puksoozero,RU,2020-08-22 19:36:19,62.59,40.61,57.67,86,94,3.56
371,Kiruna,SE,2020-08-22 19:36:19,67.86,20.23,59.0,93,92,14.99
372,Margate,GB,2020-08-22 19:36:20,51.38,1.39,66.99,71,65,5.01
373,Little Current,CA,2020-08-22 19:36:20,45.98,-81.92,73.0,83,90,4.7
374,Port Elizabeth,ZA,2020-08-22 19:36:20,-33.92,25.57,59.0,72,0,4.7
375,Acacias,CO,2020-08-22 19:31:27,3.99,-73.76,82.4,58,40,4.7
376,Copiapo,CL,2020-08-22 19:36:21,-27.37,-70.33,57.2,62,20,10.29
377,Chokurdakh,RU,2020-08-22 19:36:19,70.63,147.92,32.88,96,99,5.88
378,Avera,US,2020-08-22 19:36:21,33.19,-82.53,82.4,94,90,3.36
379,Lapua,FI,2020-08-22 19:36:23,62.97,23.01,64.0,94,100,3.0
380,Umm Lajj,SA,2020-08-22 19:36:23,25.02,37.27,83.93,64,76,5.95
381,Shirokiy,RU,2020-08-22 19:36:23,49.76,129.52,59.4,84,89,6.08
382,Vestmanna,FO,2020-08-22 19:36:24,62.16,-7.17,46.4,93,99,24.16
383,Namibe,AO,2020-08-22 19:36:24,-15.2,12.15,64.22,86,20,5.84
384,Korla,CN,2020-08-22 19:36:24,41.76,86.15,86.0,52,3,1.99
385,Kananga,CD,2020-08-22 19:36:24,-5.9,22.42,76.71,64,28,6.13
386,San Ignacio,BZ,2020-08-22 19:36:24,17.16,-89.07,93.99,59,75,1.83
387,Scarborough,GB,2020-08-22 19:33:25,54.28,-0.4,59.0,89,100,1.01
388,Balkhash,KZ,2020-08-22 19:36:25,46.84,74.98,69.76,44,100,6.08
389,Ornskoldsvik,SE,2020-08-22 19:36:25,63.29,18.72,62.6,88,2,9.17
390,Saurimo,AO,2020-08-22 19:36:25,-9.66,20.39,73.92,34,46,2.51
391,Mahibadhoo,MV,2020-08-22 19:36:26,3.78,72.97,84.15,66,2,6.22
392,Port-Cartier,CA,2020-08-22 19:36:26,50.03,-66.87,62.6,55,40,13.87
393,Biak,ID,2020-08-22 19:36:26,-0.91,122.88,76.53,85,100,7.49
394,Novo Aripuana,BR,2020-08-22 19:36:26,-5.12,-60.38,98.37,23,0,2.73
395,Muskegon,US,2020-08-22 19:36:26,43.3,-86.13,84.2,51,40,13.87
396,Ghanzi,BW,2020-08-22 19:36:27,-21.57,21.78,59.16,54,0,7.23
397,Kailua,US,2020-08-22 19:35:53,21.4,-157.74,84.2,65,20,11.41
398,Goderich,CA,2020-08-22 19:36:27,43.75,-81.72,80.01,77,89,3.85
399,Najran,SA,2020-08-22 19:36:27,17.49,44.13,91.4,22,6,4.7
400,Dunedin,NZ,2020-08-22 19:36:28,-45.87,170.5,48.99,92,53,1.99
401,Manali,IN,2020-08-22 19:36:28,13.17,80.27,82.4,88,75,8.05
402,Namatanai,PG,2020-08-22 19:36:28,-3.67,152.43,78.82,81,65,4.41
403,Ponta Do Sol,PT,2020-08-22 19:36:28,32.67,-17.1,73.0,83,7,4.83
404,La Romana,DO,2020-08-22 19:36:28,18.43,-68.97,82.4,88,40,4.7
405,Lewiston,US,2020-08-22 19:36:29,44.1,-70.21,72.0,83,75,9.17
406,Nivala,FI,2020-08-22 19:36:29,63.92,24.97,61.0,94,100,7.0
407,Quatre Cocos,MU,2020-08-22 19:36:29,-20.21,57.76,69.8,83,40,11.41
408,Urumqi,CN,2020-08-22 19:36:29,43.8,87.6,73.4,33,52,2.24
409,Birjand,IR,2020-08-22 19:36:30,32.87,59.22,82.4,8,0,16.11
410,Ust-Maya,RU,2020-08-22 19:36:30,60.42,134.53,38.44,75,0,2.93
411,Waingapu,ID,2020-08-22 19:36:30,-9.66,120.26,73.02,82,48,7.16
412,Picui,BR,2020-08-22 19:36:30,-6.51,-36.35,82.36,40,0,20.47
413,San Lorenzo,PY,2020-08-22 19:36:31,-25.33,-57.53,69.8,30,0,3.36
414,Rosarito,MX,2020-08-22 19:36:31,32.33,-117.03,89.6,52,5,13.87
415,Westport,US,2020-08-22 19:36:31,41.14,-73.36,89.01,58,1,10.29
416,High Level,CA,2020-08-22 19:36:10,58.52,-117.14,57.2,93,90,10.29
417,Takaungu,KE,2020-08-22 19:36:32,-3.68,39.86,77.0,78,40,8.05
418,Makakilo City,US,2020-08-22 19:36:32,21.35,-158.09,84.2,54,1,10.29
419,Abashiri,JP,2020-08-22 19:36:32,44.02,144.27,57.07,88,2,8.48
420,Port Blair,IN,2020-08-22 19:36:32,11.67,92.75,82.27,78,100,11.63
421,Ixtapa,MX,2020-08-22 19:36:33,20.7,-105.2,90.0,74,75,9.17
422,Kaabong,UG,2020-08-22 19:36:33,3.48,34.15,67.41,67,13,9.15
423,Marsabit,KE,2020-08-22 19:36:33,2.33,37.99,66.96,63,100,24.02
424,Gazimurskiy Zavod,RU,2020-08-22 19:36:34,51.55,118.33,57.9,90,100,3.11
425,Leigh,GB,2020-08-22 19:36:34,53.48,-2.52,60.01,94,100,4.0
426,Henties Bay,NA,2020-08-22 19:36:34,-22.12,14.28,66.0,61,0,6.89
427,Payson,US,2020-08-22 19:36:34,40.04,-111.73,96.01,27,20,4.7
428,Zhigansk,RU,2020-08-22 19:36:35,66.77,123.37,39.36,77,91,15.66
429,Puri,IN,2020-08-22 19:36:35,19.8,85.85,82.4,88,75,8.05
430,Jibuti,DJ,2020-08-22 19:36:35,11.5,42.5,96.8,34,20,8.43
431,Mulchen,CL,2020-08-22 19:36:35,-37.72,-72.23,66.2,48,0,4.7
432,Chute-Aux-Outardes,CA,2020-08-22 19:36:35,49.12,-68.4,60.8,59,20,13.87
433,Nadym,RU,2020-08-22 19:36:36,65.53,72.52,53.62,90,100,15.46
434,Comodoro Rivadavia,AR,2020-08-22 19:32:22,-45.87,-67.5,68.0,32,40,21.92
435,Vega De Alatorre,MX,2020-08-22 19:36:36,20.03,-96.63,87.67,63,2,9.28
436,Marrakesh,MA,2020-08-22 19:36:36,31.63,-8.01,98.6,19,75,11.41
437,Belaya Gora,RU,2020-08-22 19:36:25,68.53,146.42,34.25,91,77,4.9
438,Petropavlovsk-Kamchatskiy,RU,2020-08-22 19:36:37,53.05,158.65,48.2,81,0,8.95
439,Banff,CA,2020-08-22 19:36:37,51.18,-115.57,66.99,39,0,13.0
440,Alta Floresta,BR,2020-08-22 19:32:06,-9.88,-56.09,87.8,31,0,5.82
441,Marzuq,YE,2020-08-22 19:36:38,14.4,46.47,83.91,45,42,4.54
442,Isla Mujeres,MX,2020-08-22 19:36:38,21.23,-86.73,84.2,74,75,5.82
443,Bomet,KE,2020-08-22 19:36:38,-0.78,35.34,57.29,92,100,3.11
444,Cabedelo,BR,2020-08-22 19:36:38,-6.98,-34.83,78.8,78,75,14.99
445,Khasan,RU,2020-08-22 19:36:38,42.43,130.64,64.08,93,97,4.74
446,Souillac,MU,2020-08-22 19:36:39,-20.52,57.52,69.8,83,40,11.41
447,Ambulu,ID,2020-08-22 19:36:39,-8.35,113.61,71.98,89,1,3.51
448,Bathsheba,BB,2020-08-22 19:36:39,13.22,-59.52,87.8,70,20,10.29
449,Road Town,VG,2020-08-22 19:33:00,18.42,-64.62,84.2,79,40,20.8
450,Monywa,MM,2020-08-22 19:36:40,22.12,95.13,81.95,81,80,6.91
451,Agdam,AZ,2020-08-22 19:36:40,39.99,46.93,71.06,54,100,3.31
452,Burnie,AU,2020-08-22 19:36:40,-41.07,145.92,44.01,71,8,11.99
453,Kuching,MY,2020-08-22 19:36:40,1.55,110.33,75.2,94,40,2.17
454,Goba,ET,2020-08-22 19:36:40,7.02,39.98,51.26,88,83,4.85
455,Luena,AO,2020-08-22 19:36:41,-11.78,19.92,71.49,29,47,5.39
456,Vestmannaeyjar,IS,2020-08-22 19:36:41,63.44,-20.27,53.6,71,13,9.17
457,Aleksandrovka,UA,2020-08-22 19:36:41,46.84,32.76,71.6,64,18,8.95
458,Naze,JP,2020-08-22 19:36:41,28.37,129.48,84.2,83,100,3.36
459,Topolobampo,MX,2020-08-22 19:36:42,25.6,-109.05,99.0,44,20,8.05
460,Amarwara,IN,2020-08-22 19:36:42,22.3,79.17,69.8,97,94,8.43
461,Sola,VU,2020-08-22 19:36:42,-13.88,167.55,80.6,88,75,6.93
462,Ust-Nera,RU,2020-08-22 19:36:42,64.57,143.2,37.99,75,100,4.85
463,Santa Isabel Do Rio Negro,BR,2020-08-22 19:36:43,-0.41,-65.02,86.09,64,2,2.08
464,Buala,SB,2020-08-22 19:36:43,-8.14,159.59,81.07,81,100,8.88
465,Plettenberg Bay,ZA,2020-08-22 19:36:43,-34.05,23.37,55.89,84,0,5.93
466,Nalut,LY,2020-08-22 19:36:43,30.33,10.85,85.14,16,0,11.5
467,Kedgwick,CA,2020-08-22 19:36:44,47.64,-67.34,69.6,41,86,6.4
468,Itarema,BR,2020-08-22 19:36:44,-2.92,-39.92,80.47,69,0,16.42
469,The Valley,AI,2020-08-22 19:36:44,18.22,-63.06,100.4,78,20,17.22
470,Honningsvag,NO,2020-08-22 19:36:44,70.98,25.97,58.15,80,1,17.9
471,Oistins,BB,2020-08-22 19:31:52,13.07,-59.53,87.8,70,20,10.29
472,Maceio,BR,2020-08-22 19:33:20,-9.67,-35.74,78.8,69,40,5.82
473,Santiago De Cao,PE,2020-08-22 19:36:45,-7.96,-79.24,64.67,75,44,12.75
474,Mortka,RU,2020-08-22 19:36:45,59.33,66.02,49.71,97,59,5.64
475,Zhanakorgan,KZ,2020-08-22 19:36:45,43.91,67.25,78.89,27,62,15.03
476,Umm Kaddadah,SD,2020-08-22 19:36:46,13.6,26.69,88.16,48,20,16.35
477,Jumla,NP,2020-08-22 19:36:46,29.27,82.18,58.91,69,29,1.92
478,Porosozero,RU,2020-08-22 19:36:46,62.72,32.73,60.17,73,100,9.01
479,Kamenka,RU,2020-08-22 19:36:46,51.32,42.77,59.0,61,76,3.4
480,Caravelas,BR,2020-08-22 19:36:47,-17.71,-39.25,71.42,74,100,12.01
481,Neyshabur,IR,2020-08-22 19:36:47,36.21,58.8,80.64,16,0,5.86
482,Luwuk,ID,2020-08-22 19:36:47,-0.95,122.79,76.86,80,95,6.73
483,Zhigalovo,RU,2020-08-22 19:36:47,54.81,105.16,53.22,82,83,1.3
484,Ashtian,IR,2020-08-22 19:36:47,34.52,50.0,65.53,25,0,15.12
485,Koungou,YT,2020-08-22 19:36:48,-12.73,45.2,73.4,83,0,3.53
486,Nara,JP,2020-08-22 19:36:48,34.69,135.8,77.0,84,100,1.39
487,Dahuk,IQ,2020-08-22 19:36:49,36.87,42.99,80.42,23,70,3.42
488,Lazaro Cardenas,MX,2020-08-22 19:36:49,17.96,-102.2,85.71,70,13,7.29
489,Plotnikovo,RU,2020-08-22 19:36:50,55.02,85.94,55.4,82,0,4.47
490,Sambava,MG,2020-08-22 19:36:50,-14.27,50.17,69.66,77,20,12.73
491,Xining,CN,2020-08-22 19:36:50,36.62,101.77,55.53,83,100,1.54
492,Abong Mbang,CM,2020-08-22 19:36:51,3.98,13.18,70.16,95,100,1.39
493,Sao Joao Da Barra,BR,2020-08-22 19:36:51,-21.64,-41.05,64.4,93,90,18.34
494,Ponta Delgada,PT,2020-08-22 19:35:17,37.73,-25.67,77.0,78,20,5.82
495,Meulaboh,ID,2020-08-22 19:36:51,4.14,96.13,74.64,88,90,3.11
496,East Patchogue,US,2020-08-22 19:36:52,40.77,-73.0,84.99,66,75,13.87
497,Araouane,ML,2020-08-22 19:36:52,18.9,-3.53,104.16,15,96,16.11
498,Chukhloma,RU,2020-08-22 19:36:52,58.75,42.68,55.87,80,0,2.98
499,General Roca,AR,2020-08-22 19:32:39,-39.03,-67.58,71.6,26,0,3.36
500,Fonte Boa,BR,2020-08-22 19:36:52,-2.5,-66.27,86.34,45,0,3.2
501,Severo-Yeniseyskiy,RU,2020-08-22 19:36:53,60.37,93.04,49.62,98,100,3.2
502,Constantine,DZ,2020-08-22 19:36:53,36.37,6.61,84.2,37,20,6.93
503,Catuday,PH,2020-08-22 19:36:53,16.29,119.81,80.46,81,82,9.46
504,Mackay,AU,2020-08-22 19:36:53,-21.15,149.2,50.0,61,47,9.17
505,Turayf,SA,2020-08-22 19:36:54,31.67,38.66,82.4,32,0,6.93
506,Houma,US,2020-08-22 19:36:54,29.6,-90.72,93.0,46,1,8.05
507,Jieshi,CN,2020-08-22 19:36:54,22.81,115.83,81.7,81,92,2.75
508,Clonakilty,IE,2020-08-22 19:36:54,51.62,-8.87,60.01,82,75,14.99
509,Zagon,RO,2020-08-22 19:36:54,45.77,26.12,68.0,72,0,3.51
510,Beloha,MG,2020-08-22 19:36:55,-25.17,45.05,61.92,79,0,10.96
511,Havelock,US,2020-08-22 19:36:44,34.88,-76.9,89.6,52,20,12.75
512,Hokitika,NZ,2020-08-22 19:36:55,-42.72,170.97,47.66,77,79,6.02
513,Natal,BR,2020-08-22 19:36:55,-5.79,-35.21,80.6,69,40,19.46
514,Necochea,AR,2020-08-22 19:36:56,-38.55,-58.74,64.0,36,0,15.99
515,Cayenne,GF,2020-08-22 19:32:46,4.93,-52.33,86.0,58,15,2.24
516,Qasigiannguit,GL,2020-08-22 19:36:56,68.82,-51.19,46.4,61,20,4.7
517,Maracaju,BR,2020-08-22 19:36:56,-21.61,-55.17,64.74,57,0,8.39
518,Biaora,IN,2020-08-22 19:36:57,23.87,76.92,74.55,95,100,16.35
519,Sungaipenuh,ID,2020-08-22 19:33:10,-2.08,101.38,64.81,94,47,2.26
520,Yerbogachen,RU,2020-08-22 19:36:57,61.28,108.01,50.27,67,100,5.84
521,Kabalo,CD,2020-08-22 19:36:57,-6.05,26.92,80.69,40,27,2.8
522,Toora-Khem,RU,2020-08-22 19:36:58,52.47,96.11,41.13,89,0,0.6
523,Leh,IN,2020-08-22 19:36:09,34.17,77.58,60.37,29,0,3.94
524,Eirunepe,BR,2020-08-22 19:36:58,-6.66,-69.87,79.56,42,2,3.15
525,Mahanoro,MG,2020-08-22 19:36:58,-19.9,48.8,65.57,78,12,2.46
526,Komsomolskiy,UZ,2020-08-22 19:36:58,40.43,71.72,75.2,38,0,4.7
527,Alnashi,RU,2020-08-22 19:36:59,56.19,52.48,53.58,84,46,3.47
528,Ballina,AU,2020-08-22 19:36:59,-28.87,153.57,51.8,46,0,6.93
529,Karratha,AU,2020-08-22 19:36:59,-20.74,116.85,68.05,46,0,6.31
530,Udachnyy,RU,2020-08-22 19:36:59,66.42,112.4,44.6,70,13,6.71
531,Lamar,US,2020-08-22 19:37:00,33.67,-95.58,93.99,43,1,5.82
532,Masunga,BW,2020-08-22 19:37:00,-20.62,27.45,51.8,87,75,5.82
533,Rafai,CF,2020-08-22 19:37:00,4.95,23.92,71.58,97,100,3.15
534,Leshukonskoye,RU,2020-08-22 19:36:12,64.9,45.76,57.38,92,13,3.36
535,Pyshma,RU,2020-08-22 19:37:00,56.95,63.25,52.39,95,68,6.26
536,Inta,RU,2020-08-22 19:37:01,66.03,60.17,44.58,90,0,5.44
537,Fairbanks,US,2020-08-22 19:37:01,64.84,-147.72,70.0,59,40,5.82
538,Chapais,CA,2020-08-22 19:37:01,49.78,-74.85,66.2,52,90,5.82
539,Abu Samrah,SY,2020-08-22 19:37:01,35.3,37.18,73.42,67,0,7.52
540,Urengoy,RU,2020-08-22 19:37:02,65.97,78.37,52.57,85,74,9.13
541,Mabaruma,GY,2020-08-22 19:37:02,8.2,-59.78,88.5,57,5,6.58
542,Port Lincoln,AU,2020-08-22 19:35:09,-34.73,135.87,48.9,74,65,11.95
543,Kitui,KE,2020-08-22 19:37:03,-1.37,38.01,63.82,76,85,11.59
544,Flin Flon,CA,2020-08-22 19:37:03,54.77,-101.86,57.2,82,75,10.29
545,Aberfeldy,GB,2020-08-22 19:37:03,56.62,-3.86,62.01,78,92,1.01
546,Vaitape,PF,2020-08-22 19:37:04,-16.52,-151.75,77.85,78,1,24.61
547,Bestobe,KZ,2020-08-22 19:37:04,52.5,73.1,57.09,79,0,8.55
548,Constitucion,CL,2020-08-22 19:37:04,-35.33,-72.42,58.91,63,0,8.52
549,Lungi,SL,2020-08-22 19:37:04,9.22,-12.68,73.31,96,100,4.34
550,Saint-Pierre,RE,2020-08-22 19:37:05,-21.34,55.48,66.2,68,0,9.17
551,Mareeba,AU,2020-08-22 19:37:05,-17.0,145.43,57.2,87,28,1.52
552,Norman Wells,CA,2020-08-22 19:37:05,65.28,-126.83,62.6,63,40,11.41
553,Khani,GE,2020-08-22 19:37:05,41.96,42.96,66.2,93,90,1.12
554,Alcantara,BR,2020-08-22 19:37:05,-2.41,-44.41,78.8,83,40,5.82
555,Dalnerechensk,RU,2020-08-22 19:37:06,45.93,133.72,54.43,86,79,4.56
556,Kapuskasing,CA,2020-08-22 19:37:06,49.42,-82.43,75.2,50,75,5.82
557,Maloy,NO,2020-08-22 19:32:46,61.94,5.11,59.0,87,100,14.99
558,Temyasovo,RU,2020-08-22 19:37:06,52.99,58.1,51.8,87,20,4.47
559,Marawi,PH,2020-08-22 19:37:07,8.0,124.29,75.0,93,1,5.99
560,Kavaje,AL,2020-08-22 19:37:07,41.19,19.56,73.4,88,0,3.36
561,Stornoway,GB,2020-08-22 19:32:29,58.21,-6.39,53.6,87,88,12.75
562,Kudahuvadhoo,MV,2020-08-22 19:36:47,2.67,72.89,84.24,68,55,7.56
563,Male,MV,2020-08-22 19:35:22,4.17,73.51,84.2,79,20,4.7
564,Yurty,RU,2020-08-22 19:37:08,56.05,97.63,53.47,96,100,4.23
565,Nueva Italia,PY,2020-08-22 19:37:08,-25.62,-57.5,69.8,30,0,3.36
566,Freetown,SL,2020-08-22 19:37:08,8.48,-13.23,77.16,88,100,7.23
