City_ID,City,Country,Date,Lat,Lng,Max Temp,Humidity,Cloudiness,Wind Speed,Current Description
0,Gornozavodsk,RU,2020-08-23 17:20:24,58.38,58.32,49.48,93,17,3.22,few clouds
1,Havelock,US,2020-08-23 17:18:39,34.88,-76.9,86.0,62,20,6.93,few clouds
2,Kodiak,US,2020-08-23 17:19:34,57.79,-152.41,55.4,87,90,3.36,overcast clouds
3,Najran,SA,2020-08-23 17:20:05,17.49,44.13,96.8,16,100,6.93,overcast clouds
4,Acapulco,MX,2020-08-23 17:17:16,16.86,-99.89,82.4,83,75,3.36,broken clouds
5,Arman,RU,2020-08-23 17:20:25,59.7,150.17,40.37,70,0,10.04,clear sky
6,Eyl,SO,2020-08-23 17:20:25,7.98,49.82,77.79,70,54,28.74,broken clouds
7,Ushuaia,AR,2020-08-23 17:19:12,-54.8,-68.3,35.6,74,40,11.41,scattered clouds
8,Mataura,NZ,2020-08-23 17:19:32,-46.19,168.86,44.01,91,46,3.0,scattered clouds
9,Dikson,RU,2020-08-23 17:19:23,73.51,80.55,46.54,78,0,9.64,clear sky
10,Nikolskoye,RU,2020-08-23 17:19:13,59.7,30.79,66.2,72,90,8.95,overcast clouds
11,Rikitea,PF,2020-08-23 17:19:14,-23.12,-134.97,69.44,83,84,22.28,broken clouds
12,Talnakh,RU,2020-08-23 17:19:27,69.49,88.4,57.2,93,100,6.71,overcast clouds
13,Hobart,AU,2020-08-23 17:14:15,-42.88,147.33,42.8,85,40,5.82,scattered clouds
14,Bredasdorp,ZA,2020-08-23 17:19:36,-34.53,20.04,59.0,82,100,4.7,overcast clouds
15,Hilo,US,2020-08-23 17:18:28,19.73,-155.09,75.2,88,75,3.62,broken clouds
16,Luderitz,NA,2020-08-23 17:20:27,-26.65,15.16,61.02,67,0,15.37,clear sky
17,Kaitangata,NZ,2020-08-23 17:19:19,-46.28,169.85,53.01,89,98,15.01,light rain
18,Jamestown,US,2020-08-23 17:19:15,42.1,-79.24,77.0,83,75,3.36,broken clouds
19,Busselton,AU,2020-08-23 17:19:15,-33.65,115.33,45.0,76,1,4.83,clear sky
20,Bluff,NZ,2020-08-23 17:19:18,-46.6,168.33,44.01,91,32,3.0,scattered clouds
21,Bayan,CN,2020-08-23 17:20:28,46.08,127.4,63.54,88,100,5.3,overcast clouds
22,Timmins,CA,2020-08-23 17:19:49,48.47,-81.33,75.2,47,20,11.41,few clouds
23,Punta Arenas,CL,2020-08-23 17:17:04,-53.15,-70.92,37.4,59,20,26.4,few clouds
24,Ha Tinh,VN,2020-08-23 17:19:20,18.33,105.9,81.12,77,68,7.07,broken clouds
25,Bilibino,RU,2020-08-23 17:20:29,68.05,166.44,38.62,91,100,3.02,light rain
26,Avarua,CK,2020-08-23 17:19:30,-21.21,-159.78,71.6,78,4,5.82,clear sky
27,Khatanga,RU,2020-08-23 17:19:17,71.97,102.5,55.38,67,85,9.57,overcast clouds
28,Kostomuksha,RU,2020-08-23 17:20:30,64.57,30.58,59.86,82,1,8.93,clear sky
29,Hermanus,ZA,2020-08-23 17:19:34,-34.42,19.23,57.0,92,100,1.01,overcast clouds
30,Svetlaya,RU,2020-08-23 17:20:30,46.54,138.33,62.96,78,88,2.08,overcast clouds
31,Ariquemes,BR,2020-08-23 17:20:30,-9.91,-63.04,100.18,20,0,2.35,clear sky
32,Codrington,AU,2020-08-23 17:20:31,-38.27,141.97,44.49,84,65,8.68,broken clouds
33,Barrow,US,2020-08-23 17:19:15,71.29,-156.79,37.4,93,90,14.99,fog
34,Ponta Do Sol,PT,2020-08-23 17:20:31,32.67,-17.1,80.6,42,20,18.34,few clouds
35,Kawalu,ID,2020-08-23 17:20:31,-7.38,108.21,71.92,89,89,1.3,overcast clouds
36,Avera,US,2020-08-23 17:17:53,33.19,-82.53,82.4,74,90,3.36,light rain
37,Poltavka,RU,2020-08-23 17:20:32,54.37,71.76,55.2,88,27,5.06,scattered clouds
38,Inhambane,MZ,2020-08-23 17:20:32,-23.86,35.38,68.0,77,0,2.24,clear sky
39,Saskylakh,RU,2020-08-23 17:19:20,71.92,114.08,41.79,80,0,7.74,clear sky
40,San Cristobal,VE,2020-08-23 17:19:17,7.77,-72.22,80.6,69,75,9.17,broken clouds
41,Lezajsk,PL,2020-08-23 17:20:33,50.26,22.42,66.99,88,20,5.68,few clouds
42,Bilma,NE,2020-08-23 17:20:33,18.69,12.92,96.87,32,68,14.12,light rain
43,Kirakira,SB,2020-08-23 17:20:33,-10.45,161.92,79.52,82,92,7.7,light rain
44,Faanui,PF,2020-08-23 17:19:54,-16.48,-151.75,76.48,76,1,19.6,clear sky
45,Cape Town,ZA,2020-08-23 17:14:47,-33.93,18.42,62.01,87,100,10.29,overcast clouds
46,Wieliczka,PL,2020-08-23 17:20:34,49.99,20.06,73.0,68,95,3.06,overcast clouds
47,Manacapuru,BR,2020-08-23 17:20:34,-3.3,-60.62,80.6,69,75,6.93,broken clouds
48,Buala,SB,2020-08-23 17:20:34,-8.14,159.59,78.4,87,100,7.05,moderate rain
49,Cidreira,BR,2020-08-23 17:20:16,-30.18,-50.21,62.67,65,0,14.99,clear sky
50,Inirida,CO,2020-08-23 17:20:14,3.87,-67.92,79.25,90,37,0.54,light rain
51,Chuy,UY,2020-08-23 17:19:44,-33.7,-53.46,62.53,55,0,10.42,clear sky
52,Puerto Penasco,MX,2020-08-23 17:20:35,31.32,-113.53,90.0,71,0,5.01,clear sky
53,Mar Del Plata,AR,2020-08-23 17:17:51,-38.0,-57.56,64.4,45,0,16.11,clear sky
54,Saint George,US,2020-08-23 17:18:13,37.1,-113.58,93.0,31,1,3.36,clear sky
55,Laguna,US,2020-08-23 17:16:43,38.42,-121.42,81.0,47,1,3.62,clear sky
56,Provideniya,RU,2020-08-23 17:20:02,64.38,-173.3,49.78,91,98,4.7,light rain
57,Araouane,ML,2020-08-23 17:20:36,18.9,-3.53,101.71,25,0,8.05,clear sky
58,Margate,GB,2020-08-23 17:19:20,51.38,1.39,71.01,61,41,3.0,light rain
59,Albany,US,2020-08-23 17:15:02,42.6,-73.97,88.0,64,0,4.29,clear sky
60,Hofn,IS,2020-08-23 17:19:45,64.25,-15.21,57.2,67,75,5.82,broken clouds
61,Mahebourg,MU,2020-08-23 17:19:59,-20.41,57.7,71.6,73,20,17.22,few clouds
62,Richards Bay,ZA,2020-08-23 17:19:41,-28.78,32.04,67.62,77,0,8.68,clear sky
63,Tuktoyaktuk,CA,2020-08-23 17:19:18,69.45,-133.04,57.2,76,40,11.41,scattered clouds
64,Leibnitz,AT,2020-08-23 17:20:37,46.78,15.54,72.0,74,92,2.17,light rain
65,Ler,SS,2020-08-23 17:20:38,8.3,30.14,75.2,91,100,4.25,overcast clouds
66,Bikaner,IN,2020-08-23 17:20:38,28.02,73.3,92.95,49,45,11.99,scattered clouds
67,Olafsvik,IS,2020-08-23 17:20:38,64.89,-23.71,52.39,64,33,7.58,scattered clouds
68,Samarai,PG,2020-08-23 17:20:39,-10.62,150.67,75.54,76,100,14.56,overcast clouds
69,Dharmadam,IN,2020-08-23 17:20:39,11.78,75.43,80.6,94,40,1.12,mist
70,Chokurdakh,RU,2020-08-23 17:19:50,70.63,147.92,32.0,98,96,8.23,overcast clouds
71,Jasper,US,2020-08-23 17:20:39,37.2,-94.35,88.0,48,1,11.41,clear sky
72,Butaritari,KI,2020-08-23 17:19:29,3.07,172.79,82.83,68,65,9.91,broken clouds
73,Launceston,AU,2020-08-23 17:20:40,-41.45,147.17,37.4,87,0,5.82,clear sky
74,Clarksburg,US,2020-08-23 17:20:40,39.28,-80.34,88.0,54,20,6.93,few clouds
75,Forest,US,2020-08-23 17:20:40,37.36,-79.29,88.0,58,1,5.82,clear sky
76,Vaini,TO,2020-08-23 17:19:18,-21.2,-175.2,73.4,94,20,8.05,few clouds
77,Bathsheba,BB,2020-08-23 17:19:44,13.22,-59.52,86.0,74,75,13.87,shower rain
78,Qaanaaq,GL,2020-08-23 17:19:56,77.48,-69.36,37.38,85,100,1.21,overcast clouds
79,Reconquista,AR,2020-08-23 17:20:41,-29.15,-59.65,70.79,37,0,13.2,clear sky
80,Jalu,LY,2020-08-23 17:19:52,29.03,21.55,91.67,19,0,9.4,clear sky
81,Port Blair,IN,2020-08-23 17:20:42,11.67,92.75,81.73,80,100,8.23,overcast clouds
82,Saint-Philippe,RE,2020-08-23 17:19:37,-21.36,55.77,71.6,72,25,4.7,scattered clouds
83,Grindavik,IS,2020-08-23 17:19:25,63.84,-22.43,55.4,58,87,8.05,overcast clouds
84,Alice Springs,AU,2020-08-23 17:20:42,-23.7,133.88,51.8,40,0,6.64,clear sky
85,Castro,BR,2020-08-23 17:16:45,-24.79,-50.01,58.14,68,33,10.85,scattered clouds
86,Torbay,CA,2020-08-23 17:19:47,47.67,-52.73,72.0,46,20,10.29,few clouds
87,Yeppoon,AU,2020-08-23 17:20:43,-23.13,150.73,44.6,81,28,6.96,scattered clouds
88,Silver City,US,2020-08-23 17:20:43,32.77,-108.28,87.8,20,1,5.82,clear sky
89,Kieta,PG,2020-08-23 17:20:43,-6.22,155.63,76.44,86,100,3.76,moderate rain
90,Te Anau,NZ,2020-08-23 17:20:43,-45.42,167.72,39.97,88,95,1.05,overcast clouds
91,Lircay,PE,2020-08-23 17:20:44,-12.99,-74.72,71.6,28,40,3.36,scattered clouds
92,Bethel,US,2020-08-23 17:17:26,41.37,-73.41,88.0,62,1,5.82,clear sky
93,Ribeira Grande,PT,2020-08-23 17:19:35,38.52,-28.7,77.0,88,40,6.93,scattered clouds
94,Cabo San Lucas,MX,2020-08-23 17:20:44,22.89,-109.91,89.6,55,40,6.93,scattered clouds
95,Esperance,AU,2020-08-23 17:19:34,-33.87,121.9,50.0,100,90,5.82,overcast clouds
96,Miri,MY,2020-08-23 17:20:06,4.41,114.01,75.2,94,40,3.36,light rain
97,Kodinsk,RU,2020-08-23 17:20:45,58.69,99.18,54.54,89,100,1.39,overcast clouds
98,Olinda,BR,2020-08-23 17:20:45,-8.01,-34.86,82.4,61,20,12.75,few clouds
99,Parana,AR,2020-08-23 17:20:45,-31.73,-60.52,72.0,28,0,8.01,clear sky
100,Longyearbyen,SJ,2020-08-23 17:19:50,78.22,15.64,48.2,63,20,10.29,few clouds
101,Usinsk,RU,2020-08-23 17:20:46,65.99,57.53,47.75,79,52,4.88,broken clouds
102,New Norfolk,AU,2020-08-23 17:20:46,-42.78,147.06,39.0,86,22,2.98,few clouds
103,Pangody,RU,2020-08-23 17:20:46,65.85,74.49,56.44,82,60,10.04,broken clouds
104,Pop,UZ,2020-08-23 17:20:47,40.87,71.11,77.0,38,0,9.17,clear sky
105,Sisimiut,GL,2020-08-23 17:20:47,66.94,-53.67,48.16,73,4,6.2,clear sky
106,Pontianak,ID,2020-08-23 17:20:47,-0.03,109.33,76.71,91,78,1.97,broken clouds
107,Kapaa,US,2020-08-23 17:16:22,22.08,-159.32,78.8,83,90,9.17,overcast clouds
108,Ennis,IE,2020-08-23 17:20:48,52.84,-8.99,60.8,77,75,14.99,broken clouds
109,Sao Filipe,CV,2020-08-23 17:20:48,14.9,-24.5,79.79,78,96,7.29,overcast clouds
110,Jibuti,DJ,2020-08-23 17:20:48,11.5,42.5,91.4,63,1,8.7,haze
111,Naze,JP,2020-08-23 17:20:03,28.37,129.48,84.2,83,75,8.05,broken clouds
112,Irbeyskoye,RU,2020-08-23 17:20:49,55.64,95.45,54.37,79,39,5.12,scattered clouds
113,Kifri,IQ,2020-08-23 17:20:40,34.7,44.97,84.88,19,0,7.05,clear sky
114,Yellowknife,CA,2020-08-23 17:19:39,62.46,-114.35,55.99,66,40,8.05,scattered clouds
115,Sinnamary,GF,2020-08-23 17:20:49,5.38,-52.95,85.78,67,3,9.64,light rain
116,Nanortalik,GL,2020-08-23 17:19:53,60.14,-45.24,47.32,78,4,3.0,clear sky
117,Plainview,US,2020-08-23 17:17:17,40.78,-73.47,82.99,74,1,10.29,clear sky
118,Ciudad Bolivar,VE,2020-08-23 17:20:50,8.12,-63.55,84.56,70,56,4.83,moderate rain
119,Mount Gambier,AU,2020-08-23 17:20:01,-37.83,140.77,39.2,93,90,4.7,overcast clouds
120,Kimbe,PG,2020-08-23 17:20:50,-5.55,150.14,73.24,93,100,1.88,moderate rain
121,High Rock,BS,2020-08-23 17:20:50,26.62,-78.28,89.6,75,75,17.22,broken clouds
122,Dunedin,NZ,2020-08-23 17:20:51,-45.87,170.5,48.99,96,100,4.0,light rain
123,Praxedis Guerrero,MX,2020-08-23 17:20:51,31.37,-106.02,90.0,27,5,5.06,clear sky
124,Hithadhoo,MV,2020-08-23 17:20:51,-0.6,73.08,82.45,78,42,12.3,moderate rain
125,East London,ZA,2020-08-23 17:19:47,-33.02,27.91,63.64,72,23,5.48,few clouds
126,Carmo Do Rio Claro,BR,2020-08-23 17:20:52,-20.97,-46.12,68.52,48,55,8.9,broken clouds
127,Pangnirtung,CA,2020-08-23 17:20:52,66.15,-65.71,42.8,93,75,10.29,broken clouds
128,Tilichiki,RU,2020-08-23 17:20:52,60.47,166.1,43.63,91,96,8.55,overcast clouds
129,Klaksvik,FO,2020-08-23 17:20:11,62.23,-6.59,48.2,76,85,16.11,light rain
130,Hasaki,JP,2020-08-23 17:20:53,35.73,140.83,75.2,94,40,4.7,scattered clouds
131,Ilulissat,GL,2020-08-23 17:20:53,69.22,-51.1,46.4,52,3,3.36,clear sky
132,Nanning,CN,2020-08-23 17:20:53,22.82,108.32,80.6,88,0,2.24,clear sky
133,Shuya,RU,2020-08-23 17:20:54,56.85,41.39,62.17,71,51,4.92,broken clouds
134,Oruro,BO,2020-08-23 17:20:54,-17.98,-67.15,57.02,32,0,9.13,clear sky
135,Georgetown,MY,2020-08-23 17:19:45,5.41,100.34,82.4,88,20,3.36,few clouds
136,Victor Harbor,AU,2020-08-23 17:20:54,-35.57,138.62,39.99,92,71,3.38,light rain
137,Sitka,US,2020-08-23 17:20:54,57.05,-135.33,55.4,93,90,3.36,light intensity drizzle
138,Cherskiy,RU,2020-08-23 17:19:34,68.75,161.3,38.28,94,100,13.82,overcast clouds
139,Kandrian,PG,2020-08-23 17:20:55,-6.22,149.55,77.11,83,100,11.56,moderate rain
140,Biltine,TD,2020-08-23 17:20:55,14.53,20.92,86.05,60,79,7.61,broken clouds
141,Osakarovka,KZ,2020-08-23 17:20:55,50.56,72.57,55.51,73,70,3.56,broken clouds
142,Touros,BR,2020-08-23 17:19:22,-5.2,-35.46,82.4,61,40,17.22,scattered clouds
143,Nchelenge,ZM,2020-08-23 17:20:12,-9.35,28.73,76.15,49,47,4.34,scattered clouds
144,Coquimbo,CL,2020-08-23 17:19:25,-29.95,-71.34,57.2,62,40,10.29,scattered clouds
145,Khani,GE,2020-08-23 17:20:56,41.96,42.96,69.8,83,75,8.05,thunderstorm
146,Mokhotlong,LS,2020-08-23 17:20:06,-29.29,29.07,49.57,40,0,5.93,clear sky
147,Airai,TL,2020-08-23 17:19:59,-8.93,125.41,57.02,37,60,4.14,broken clouds
148,Husavik,IS,2020-08-23 17:19:31,66.04,-17.34,51.8,71,97,6.93,overcast clouds
149,Fukue,JP,2020-08-23 17:20:57,32.69,128.84,82.13,70,0,1.97,clear sky
150,Gerede,TR,2020-08-23 17:20:57,40.8,32.2,57.96,88,4,3.2,clear sky
151,Charcas,MX,2020-08-23 17:20:57,23.13,-101.12,68.74,58,24,3.6,light rain
152,Pacific Grove,US,2020-08-23 17:18:26,36.62,-121.92,72.0,72,40,3.36,smoke
153,Cajabamba,PE,2020-08-23 17:20:58,-7.62,-78.05,66.47,36,14,6.2,few clouds
154,Lima,PE,2020-08-23 17:18:24,-12.04,-77.03,62.6,72,90,5.82,overcast clouds
155,Fuerte,PH,2020-08-23 17:20:58,17.54,120.36,80.53,79,91,8.05,overcast clouds
156,Clyde River,CA,2020-08-23 17:19:40,70.47,-68.59,43.07,88,100,8.03,overcast clouds
157,Fort Dodge,US,2020-08-23 17:20:59,42.5,-94.17,90.0,62,1,2.57,clear sky
158,Port Hardy,CA,2020-08-23 17:20:03,50.7,-127.42,53.6,93,90,2.24,overcast clouds
159,Oksfjord,NO,2020-08-23 17:20:59,70.24,22.35,60.8,77,75,10.29,broken clouds
160,Tiksi,RU,2020-08-23 17:19:12,71.69,128.87,37.67,79,84,10.18,broken clouds
161,Bichura,RU,2020-08-23 17:21:00,50.59,107.6,55.44,82,100,4.14,overcast clouds
162,Boa Vista,BR,2020-08-23 17:21:00,2.82,-60.67,82.4,65,40,9.17,scattered clouds
163,Bonavista,CA,2020-08-23 17:21:00,48.65,-53.11,64.99,76,0,1.99,clear sky
164,Flinders,AU,2020-08-23 17:19:45,-34.58,150.86,51.01,60,0,11.99,clear sky
165,Arraial Do Cabo,BR,2020-08-23 17:19:17,-22.97,-42.03,73.4,60,40,8.05,scattered clouds
166,Tura,IN,2020-08-23 17:20:12,25.52,90.22,74.77,94,67,4.12,light rain
167,Katsuura,JP,2020-08-23 17:19:51,35.13,140.3,78.8,88,40,4.7,scattered clouds
168,Yulara,AU,2020-08-23 17:19:44,-25.24,130.99,62.6,36,0,10.29,clear sky
169,Lapeer,US,2020-08-23 17:21:02,43.05,-83.32,87.01,45,40,6.93,scattered clouds
170,Vilyuysk,RU,2020-08-23 17:21:02,63.76,121.62,41.54,75,0,4.59,clear sky
171,Kyabe,TD,2020-08-23 17:21:02,9.45,18.94,75.97,92,73,3.58,broken clouds
172,Mwinilunga,ZM,2020-08-23 17:21:03,-11.74,24.43,71.02,28,14,4.36,few clouds
173,La Libertad,EC,2020-08-23 17:17:53,-2.23,-80.9,69.8,83,90,8.05,overcast clouds
174,Fortuna,US,2020-08-23 17:19:58,40.6,-124.16,61.0,93,75,5.82,broken clouds
175,Atar,MR,2020-08-23 17:19:36,20.52,-13.05,112.59,9,19,8.75,few clouds
176,Calabozo,VE,2020-08-23 17:21:04,8.92,-67.43,84.9,70,43,2.89,scattered clouds
177,Kruisfontein,ZA,2020-08-23 17:19:40,-34.0,24.73,59.0,80,19,3.0,few clouds
178,Puerto Quijarro,BO,2020-08-23 17:21:04,-17.78,-57.77,92.16,23,0,4.14,clear sky
179,Komsomolskiy,UZ,2020-08-23 17:21:04,40.43,71.72,77.0,38,0,9.17,clear sky
180,Polis,CY,2020-08-23 17:21:05,35.04,32.43,81.0,69,0,5.61,clear sky
181,Brae,GB,2020-08-23 17:21:05,60.4,-1.35,51.8,71,75,13.87,broken clouds
182,Ossora,RU,2020-08-23 17:21:05,59.24,163.07,43.83,75,80,5.93,broken clouds
183,Xingcheng,CN,2020-08-23 17:19:37,40.62,120.72,72.82,91,100,9.01,overcast clouds
184,Moose Factory,CA,2020-08-23 17:21:05,51.26,-80.61,57.2,67,1,4.7,clear sky
185,Kuito,AO,2020-08-23 17:21:06,-12.38,16.93,72.01,29,47,3.02,scattered clouds
186,Paamiut,GL,2020-08-23 17:19:23,61.99,-49.67,42.58,88,5,4.18,clear sky
187,Sillod,IN,2020-08-23 17:21:07,20.3,75.65,73.09,86,100,11.56,overcast clouds
188,Irbil,IQ,2020-08-23 17:21:07,36.19,44.01,91.4,21,20,5.82,few clouds
189,Sao Miguel Do Araguaia,BR,2020-08-23 17:21:08,-13.28,-50.16,99.54,21,49,2.89,scattered clouds
190,Banting,MY,2020-08-23 17:21:08,2.82,101.5,78.8,88,20,3.36,few clouds
191,Paso De Los Toros,UY,2020-08-23 17:21:08,-32.82,-56.52,64.11,59,0,12.55,clear sky
192,Lorengau,PG,2020-08-23 17:19:47,-2.02,147.27,78.15,84,100,8.48,moderate rain
193,Ucluelet,CA,2020-08-23 17:17:14,48.93,-125.55,62.01,93,75,2.24,broken clouds
194,Bambous Virieux,MU,2020-08-23 17:21:09,-20.34,57.76,72.0,73,20,17.22,few clouds
195,Antofagasta,CL,2020-08-23 17:20:20,-23.65,-70.4,57.2,76,90,11.41,overcast clouds
196,Guerrero Negro,MX,2020-08-23 17:21:10,27.98,-114.06,81.36,54,88,15.32,overcast clouds
197,Doha,QA,2020-08-23 17:21:10,25.29,51.53,96.8,79,10,6.93,clear sky
198,Bengkulu,ID,2020-08-23 17:20:01,-3.8,102.27,76.82,88,96,4.16,overcast clouds
199,Victoria,HK,2020-08-23 17:19:55,22.29,114.16,84.0,74,100,8.01,overcast clouds
200,Ransang,PH,2020-08-23 17:21:11,8.96,117.58,79.59,76,92,4.03,overcast clouds
201,Alekseyevka,RU,2020-08-23 17:21:11,50.63,38.69,65.26,50,0,4.45,clear sky
202,Venancio Aires,BR,2020-08-23 17:21:12,-29.61,-52.19,72.0,52,0,3.0,clear sky
203,Mareeba,AU,2020-08-23 17:21:12,-17.0,145.43,55.4,87,77,2.01,broken clouds
204,Etchojoa,MX,2020-08-23 17:21:12,26.92,-109.63,95.0,51,46,4.0,scattered clouds
205,Tailai,CN,2020-08-23 17:21:13,46.38,123.4,62.01,73,100,3.0,light rain
206,Zhigansk,RU,2020-08-23 17:21:13,66.77,123.37,40.48,86,10,14.07,clear sky
207,Atuona,PF,2020-08-23 17:19:30,-9.8,-139.03,78.1,77,10,15.88,clear sky
208,Port Alfred,ZA,2020-08-23 17:19:51,-33.59,26.89,59.49,81,1,9.35,clear sky
209,Kichera,RU,2020-08-23 17:21:13,55.94,110.1,56.1,85,99,2.15,light rain
210,Kaeo,NZ,2020-08-23 17:21:14,-35.1,173.78,55.0,3,6,10.0,clear sky
211,Kavieng,PG,2020-08-23 17:21:14,-2.57,150.8,77.45,90,100,10.16,light rain
212,Fuxin,CN,2020-08-23 17:21:14,42.02,121.66,70.81,80,100,7.7,light rain
213,Bibai,JP,2020-08-23 17:21:14,43.32,141.86,62.01,97,69,2.44,broken clouds
214,Puerto Ayora,EC,2020-08-23 17:19:31,-0.74,-90.35,71.6,64,75,20.8,broken clouds
215,Kharp,RU,2020-08-23 17:19:33,66.8,65.81,49.5,84,60,3.09,broken clouds
216,Lata,PT,2020-08-23 17:21:16,40.16,-8.33,82.99,46,32,8.21,scattered clouds
217,Birjand,IR,2020-08-23 17:21:16,32.87,59.22,86.0,25,40,6.93,scattered clouds
218,Lebu,CL,2020-08-23 17:19:53,-37.62,-73.65,51.06,91,100,19.91,light rain
219,Asau,RO,2020-08-23 17:19:24,46.43,26.4,72.0,81,10,2.91,clear sky
220,Yar-Sale,RU,2020-08-23 17:15:29,66.83,70.83,53.29,92,56,11.97,broken clouds
221,Hovd,MN,2020-08-23 17:21:17,48.01,91.64,62.47,39,51,9.6,broken clouds
222,Leningradskiy,RU,2020-08-23 17:21:17,69.38,178.42,43.38,90,100,10.54,overcast clouds
223,Sorong,ID,2020-08-23 17:21:17,-0.88,131.25,76.69,86,99,4.68,light rain
224,Gold Coast,AU,2020-08-23 17:18:06,-28.0,153.43,55.99,56,0,3.36,clear sky
225,Pisco,PE,2020-08-23 17:20:07,-13.7,-76.22,64.0,77,90,8.05,overcast clouds
226,Sao Joaquim,BR,2020-08-23 17:21:18,-28.29,-49.93,56.61,57,0,5.12,clear sky
227,Ometepec,MX,2020-08-23 17:21:18,16.68,-98.42,86.54,63,25,3.15,scattered clouds
228,Kachug,RU,2020-08-23 17:21:19,53.96,105.88,53.04,89,100,3.76,overcast clouds
229,Port Lincoln,AU,2020-08-23 17:21:19,-34.73,135.87,47.39,81,64,3.96,broken clouds
230,Muncar,ID,2020-08-23 17:21:19,-8.43,114.33,72.7,88,29,0.34,scattered clouds
231,Abu Dhabi,AE,2020-08-23 17:19:35,24.47,54.37,96.8,67,63,9.17,broken clouds
232,Vladicin Han,RS,2020-08-23 17:21:19,42.71,22.06,78.01,63,7,3.0,clear sky
233,Ivdel,RU,2020-08-23 17:21:20,60.69,60.42,51.69,82,22,2.59,few clouds
234,Rawlins,US,2020-08-23 17:21:20,41.79,-107.24,84.99,17,1,4.7,clear sky
235,Lavrentiya,RU,2020-08-23 17:19:28,65.58,-171.0,46.65,95,97,4.79,overcast clouds
236,Ramhormoz,IR,2020-08-23 17:21:20,31.28,49.6,96.8,34,0,9.17,clear sky
237,Calvinia,ZA,2020-08-23 17:21:20,-31.47,19.78,60.01,32,0,5.37,clear sky
238,Guiratinga,BR,2020-08-23 17:21:21,-16.35,-53.76,99.59,21,1,0.58,clear sky
239,Roma,US,2020-08-23 17:18:04,43.21,-75.46,84.99,54,1,5.35,clear sky
240,Tasiilaq,GL,2020-08-23 17:20:15,65.61,-37.64,48.2,76,0,10.29,clear sky
241,Hambantota,LK,2020-08-23 17:19:24,6.12,81.12,80.6,82,24,12.75,few clouds
242,Carnarvon,AU,2020-08-23 17:19:23,-24.87,113.63,64.4,88,65,14.99,broken clouds
243,Ketchikan,US,2020-08-23 17:21:22,55.34,-131.65,57.2,100,90,9.17,moderate rain
244,Yola,NG,2020-08-23 17:21:22,9.2,12.48,74.62,90,100,6.35,light rain
245,Katherine,AU,2020-08-23 17:21:22,-14.47,132.27,60.8,38,1,6.93,clear sky
246,Caiaponia,BR,2020-08-23 17:21:22,-16.96,-51.81,89.98,27,22,3.96,few clouds
247,Upington,ZA,2020-08-23 17:21:23,-28.45,21.26,69.8,27,0,4.7,clear sky
248,San Pedro,PH,2020-08-23 17:21:23,14.35,121.02,82.99,83,100,2.24,overcast clouds
249,Thompson,CA,2020-08-23 17:19:16,55.74,-97.86,48.2,100,90,6.93,light rain
250,Urdoma,RU,2020-08-23 17:21:23,61.75,48.54,60.98,85,49,3.58,scattered clouds
251,Vao,NC,2020-08-23 17:21:23,-22.67,167.48,70.23,81,100,9.04,overcast clouds
252,Port Elizabeth,ZA,2020-08-23 17:19:13,-33.92,25.57,59.0,82,20,16.11,few clouds
253,Privolzhsk,RU,2020-08-23 17:21:24,57.38,41.29,62.35,73,73,6.8,broken clouds
254,Faya,SA,2020-08-23 17:21:24,18.39,42.45,73.4,88,88,6.93,overcast clouds
255,Kamenka,RU,2020-08-23 17:19:33,51.32,42.77,64.0,58,4,5.95,clear sky
256,Ilhabela,BR,2020-08-23 17:21:24,-23.78,-45.36,66.42,66,46,4.47,light rain
257,Prince Rupert,CA,2020-08-23 17:21:25,54.32,-130.32,57.2,87,90,10.29,overcast clouds
258,Broome,US,2020-08-23 17:19:53,42.25,-75.83,88.0,51,1,4.7,clear sky
259,Parrita,CR,2020-08-23 17:21:25,9.52,-84.32,77.0,78,40,8.05,scattered clouds
260,Sangar,RU,2020-08-23 17:21:25,63.92,127.47,38.35,89,18,1.41,few clouds
261,Menongue,AO,2020-08-23 17:21:26,-14.66,17.69,74.01,23,59,2.89,broken clouds
262,Qurayyat,SA,2020-08-23 17:21:26,31.33,37.34,89.6,27,0,20.8,clear sky
263,Lewistown,US,2020-08-23 17:21:26,40.6,-77.57,84.99,61,75,4.43,haze
264,Iskateley,RU,2020-08-23 17:21:26,67.68,53.15,58.32,82,17,10.25,few clouds
265,Nanzhang,CN,2020-08-23 17:21:26,31.78,111.84,77.45,88,8,3.06,clear sky
266,Ancud,CL,2020-08-23 17:20:01,-41.87,-73.82,51.01,100,90,14.99,overcast clouds
267,Rawson,AR,2020-08-23 17:18:44,-43.3,-65.1,63.97,29,75,8.12,broken clouds
268,Praia,CV,2020-08-23 17:21:27,14.92,-23.51,84.2,74,75,11.41,broken clouds
269,Souillac,MU,2020-08-23 17:19:52,-20.52,57.52,71.6,73,20,17.22,few clouds
270,Galveston,US,2020-08-23 17:21:28,29.37,-94.97,91.4,55,20,13.87,few clouds
271,Wilmington,US,2020-08-23 17:17:15,34.23,-77.94,84.99,74,90,5.82,overcast clouds
272,Ostrovnoy,RU,2020-08-23 17:21:28,68.05,39.51,58.28,89,100,20.09,overcast clouds
273,Upernavik,GL,2020-08-23 17:16:39,72.79,-56.15,44.82,82,83,9.1,broken clouds
274,Tiszadob,HU,2020-08-23 17:21:29,48.02,21.17,71.6,78,75,6.93,broken clouds
275,Fernley,US,2020-08-23 17:19:12,39.61,-119.25,88.0,14,63,1.01,broken clouds
276,Valleyview,CA,2020-08-23 17:21:29,55.07,-117.29,61.38,47,0,15.21,clear sky
277,Aklavik,CA,2020-08-23 17:19:35,68.22,-135.01,60.8,72,75,9.17,broken clouds
278,Armidale,AU,2020-08-23 17:21:30,-30.52,151.65,34.0,84,27,7.0,scattered clouds
279,Kamaishi,JP,2020-08-23 17:21:30,39.27,141.88,72.27,81,98,3.0,overcast clouds
280,Bayanday,RU,2020-08-23 17:21:30,53.07,105.51,53.76,93,100,7.58,overcast clouds
281,Gladstone,AU,2020-08-23 17:21:30,-23.85,151.25,48.2,66,1,3.36,clear sky
282,Beringovskiy,RU,2020-08-23 17:21:31,63.05,179.32,49.62,87,4,6.51,clear sky
283,Mehamn,NO,2020-08-23 17:19:29,71.04,27.85,66.2,72,63,10.29,broken clouds
284,Walvis Bay,NA,2020-08-23 17:19:53,-22.96,14.51,78.8,22,0,3.36,clear sky
285,Salalah,OM,2020-08-23 17:21:31,17.02,54.09,77.0,100,90,3.36,mist
286,Norman Wells,CA,2020-08-23 17:20:13,65.28,-126.83,60.8,67,20,11.41,few clouds
287,Tecoanapa,MX,2020-08-23 17:21:32,16.52,-98.75,87.73,62,62,3.83,broken clouds
288,Tual,ID,2020-08-23 17:21:32,-5.67,132.75,78.46,80,67,18.54,broken clouds
289,Nioro,GM,2020-08-23 17:18:03,13.35,-15.75,77.61,80,100,2.77,overcast clouds
290,Aktau,KZ,2020-08-23 17:21:32,43.65,51.2,66.2,72,90,11.18,overcast clouds
291,Santa Cruz Cabralia,BR,2020-08-23 17:21:33,-16.28,-39.02,73.4,78,75,6.93,shower rain
292,Sarangani,PH,2020-08-23 17:21:33,5.4,125.46,83.64,75,84,6.98,light rain
293,Pevek,RU,2020-08-23 17:20:13,69.7,170.31,37.31,97,100,3.6,overcast clouds
294,Nauta,PE,2020-08-23 17:21:33,-4.51,-73.58,86.67,46,0,2.71,clear sky
295,Road Town,VG,2020-08-23 17:19:14,18.42,-64.62,89.6,66,40,10.29,haze
296,Tessalit,ML,2020-08-23 17:19:52,20.2,1.01,103.21,19,25,12.15,scattered clouds
297,Snezhnogorsk,RU,2020-08-23 17:21:34,69.19,33.25,60.8,87,75,6.71,broken clouds
298,Adrar,MR,2020-08-23 17:19:50,20.5,-10.07,112.08,6,92,11.05,overcast clouds
299,Terrasini,IT,2020-08-23 17:21:34,38.15,13.08,84.2,70,0,6.93,clear sky
300,Ostersund,SE,2020-08-23 17:20:04,63.18,14.64,55.4,62,96,6.93,overcast clouds
301,Rio Gallegos,AR,2020-08-23 17:21:35,-51.62,-69.22,42.8,41,20,21.92,few clouds
302,Eydhafushi,MV,2020-08-23 17:21:05,5.1,73.07,84.52,64,98,2.64,overcast clouds
303,Tigil,RU,2020-08-23 17:21:35,57.8,158.67,40.28,94,75,6.87,broken clouds
304,Djenne,ML,2020-08-23 17:21:36,13.91,-4.55,87.96,52,89,9.75,overcast clouds
305,Aksum,ET,2020-08-23 17:21:36,14.12,38.72,61.56,95,77,5.37,light rain
306,Macenta,GN,2020-08-23 17:21:36,8.54,-9.47,75.9,93,89,3.85,moderate rain
307,Shaunavon,CA,2020-08-23 17:20:04,49.65,-108.42,70.57,36,0,13.4,clear sky
308,Polunochnoye,RU,2020-08-23 17:21:37,60.87,60.42,49.73,86,14,2.35,few clouds
309,Santiago De Cao,PE,2020-08-23 17:21:37,-7.96,-79.24,65.21,70,41,11.14,scattered clouds
310,Dehloran,IR,2020-08-23 17:21:37,32.69,47.27,91.96,14,0,10.02,clear sky
311,Noyabrsk,RU,2020-08-23 17:21:37,63.2,75.45,51.46,95,98,7.85,overcast clouds
312,Fomboni,KM,2020-08-23 17:21:37,-12.28,43.74,76.6,65,0,3.24,clear sky
313,Kenai,US,2020-08-23 17:21:38,60.55,-151.26,57.99,82,75,4.7,broken clouds
314,Lagos,NG,2020-08-23 17:19:21,6.58,3.75,84.2,66,20,10.29,few clouds
315,San Roque,ES,2020-08-23 17:21:38,36.21,-5.38,73.4,88,0,10.29,clear sky
316,Latung,PH,2020-08-23 17:21:38,5.5,120.88,83.8,78,47,11.25,light rain
317,Ewa Beach,US,2020-08-23 17:19:46,21.32,-158.01,80.6,83,20,3.36,few clouds
318,Berlevag,NO,2020-08-23 17:19:19,70.86,29.09,66.2,59,88,16.11,light rain
319,Jiazi,CN,2020-08-23 17:21:39,22.88,116.07,81.64,83,69,3.8,broken clouds
320,Ahipara,NZ,2020-08-23 17:21:39,-35.17,173.17,55.35,80,42,17.36,light rain
321,Ippy,CF,2020-08-23 17:21:39,6.27,21.22,70.61,94,100,0.98,moderate rain
322,Saint-Francois,FR,2020-08-23 17:21:40,46.42,3.91,75.99,38,49,11.41,scattered clouds
323,Evensk,RU,2020-08-23 17:21:40,61.95,159.23,42.55,65,97,8.59,overcast clouds
324,Naranjito,EC,2020-08-23 17:21:40,-2.22,-79.48,73.4,78,90,3.36,overcast clouds
325,Taraza,CO,2020-08-23 17:21:40,7.58,-75.4,83.86,75,94,2.86,moderate rain
326,Shenjiamen,CN,2020-08-23 17:21:41,29.96,122.3,80.29,84,0,7.38,clear sky
327,Ko Samui,TH,2020-08-23 17:21:41,9.54,99.94,84.18,71,10,7.74,clear sky
328,Hangu,CN,2020-08-23 17:21:41,39.25,117.79,78.8,94,96,8.95,mist
329,Ouango,CF,2020-08-23 17:21:41,4.31,22.56,72.25,94,99,2.37,overcast clouds
330,Gornopravdinsk,RU,2020-08-23 17:21:41,60.05,69.9,52.05,95,81,7.47,broken clouds
331,Namibe,AO,2020-08-23 17:21:42,-15.2,12.15,66.87,87,34,8.08,scattered clouds
332,Manggar,ID,2020-08-23 17:21:42,-2.88,108.27,80.69,81,79,10.42,broken clouds
333,Katrineholm,SE,2020-08-23 17:21:42,59.0,16.21,68.0,56,60,10.29,broken clouds
334,Ormara,PK,2020-08-23 17:21:43,25.21,64.64,84.06,87,55,14.76,broken clouds
335,Muzhi,RU,2020-08-23 17:21:43,65.37,64.67,50.52,85,32,6.8,scattered clouds
336,Iqaluit,CA,2020-08-23 17:21:43,63.75,-68.51,48.2,76,40,3.36,scattered clouds
337,Tanout,NE,2020-08-23 17:21:43,14.97,8.89,91.78,36,55,8.08,broken clouds
338,Dudinka,RU,2020-08-23 17:19:41,69.41,86.18,57.2,93,100,6.71,light rain
339,Atambua,ID,2020-08-23 17:21:44,-9.11,124.89,67.23,73,48,5.68,scattered clouds
340,Meulaboh,ID,2020-08-23 17:21:44,4.14,96.13,78.1,81,90,3.2,overcast clouds
341,Caravelas,BR,2020-08-23 17:19:12,-17.71,-39.25,68.31,87,100,12.66,light rain
342,Saint-Pierre,RE,2020-08-23 17:20:05,-21.34,55.48,68.0,72,0,4.7,clear sky
343,Erenhot,CN,2020-08-23 17:21:45,43.65,111.98,66.79,59,47,10.04,scattered clouds
344,Roald,NO,2020-08-23 17:21:45,62.58,6.13,53.6,62,40,13.87,scattered clouds
345,Opuwo,NA,2020-08-23 17:21:06,-18.06,13.84,69.66,24,1,1.48,clear sky
346,Riyadh,SA,2020-08-23 17:18:22,24.69,46.72,109.4,10,40,6.93,scattered clouds
347,Madang,PG,2020-08-23 17:21:46,-5.22,145.8,77.41,89,100,6.44,moderate rain
348,Manama,BH,2020-08-23 17:18:13,26.22,50.58,93.2,75,5,10.29,clear sky
349,Jieshou,CN,2020-08-23 17:21:46,33.26,115.36,77.11,92,5,6.51,clear sky
350,Kon Tum,VN,2020-08-23 17:21:46,14.35,108.0,70.93,93,94,0.81,overcast clouds
351,Tanggu,CN,2020-08-23 17:21:47,39.02,117.65,78.8,94,93,8.95,mist
352,Progreso,MX,2020-08-23 17:21:47,21.28,-89.67,96.01,59,75,6.62,broken clouds
353,Saldanha,ZA,2020-08-23 17:19:35,-33.01,17.94,62.6,67,100,9.17,overcast clouds
354,Alofi,NU,2020-08-23 17:19:28,-19.06,-169.92,73.4,88,72,8.05,broken clouds
355,Omboue,GA,2020-08-23 17:21:48,-1.57,9.26,74.34,77,99,9.57,overcast clouds
356,Lagoa,PT,2020-08-23 17:21:48,39.05,-27.98,73.78,88,45,14.36,scattered clouds
357,Dosso,NE,2020-08-23 17:21:48,13.05,3.19,87.78,56,88,10.51,overcast clouds
358,Beyneu,KZ,2020-08-23 17:21:48,45.32,55.2,69.67,51,100,23.58,overcast clouds
359,Bubaque,GW,2020-08-23 17:20:00,11.28,-15.83,80.76,79,100,12.33,overcast clouds
360,Aldan,RU,2020-08-23 17:21:49,58.6,125.39,38.68,76,10,1.34,clear sky
361,Rumonge,BI,2020-08-23 17:21:49,-3.97,29.44,74.37,55,78,4.45,broken clouds
362,Eregli,TR,2020-08-23 17:21:49,37.51,34.05,69.71,33,0,8.32,clear sky
363,Tuatapere,NZ,2020-08-23 17:19:59,-46.13,167.68,44.01,91,60,3.0,broken clouds
364,Flin Flon,CA,2020-08-23 17:21:50,54.77,-101.86,66.2,59,40,16.11,scattered clouds
365,Taft,IR,2020-08-23 17:21:50,31.75,54.21,89.6,8,0,4.7,clear sky
366,Oktyabrskiy,RU,2020-08-23 17:21:50,54.48,53.47,56.1,83,1,2.17,clear sky
367,Poum,NC,2020-08-23 17:20:16,-20.23,164.02,72.03,81,82,13.65,broken clouds
368,Makakilo City,US,2020-08-23 17:18:46,21.35,-158.09,80.6,83,20,3.36,few clouds
369,Anloga,GH,2020-08-23 17:17:38,5.79,0.9,82.4,69,20,13.87,few clouds
370,Bandarbeyla,SO,2020-08-23 17:21:51,9.49,50.81,77.29,76,72,33.44,broken clouds
371,Nemuro,JP,2020-08-23 17:21:51,43.32,145.57,62.28,98,31,1.83,scattered clouds
372,Znamenskoye,RU,2020-08-23 17:21:51,57.13,73.83,50.88,97,57,5.06,broken clouds
373,Baillif,GP,2020-08-23 17:21:51,16.02,-61.75,87.8,70,90,12.75,overcast clouds
374,General Roca,AR,2020-08-23 17:21:52,-39.03,-67.58,60.8,38,45,2.24,scattered clouds
375,Muros,ES,2020-08-23 17:21:52,42.78,-9.06,80.01,60,3,10.0,clear sky
376,Cururupu,BR,2020-08-23 17:21:52,-1.83,-44.87,80.47,87,39,6.6,moderate rain
377,Santa Barbara,US,2020-08-23 17:19:57,34.42,-119.7,80.01,83,40,4.7,haze
378,Kholm,RU,2020-08-23 17:21:53,59.27,32.85,63.19,89,96,7.52,overcast clouds
379,Sungairaya,ID,2020-08-23 17:21:53,0.7,108.9,79.47,82,23,2.98,few clouds
380,Tarakan,ID,2020-08-23 17:19:36,3.3,117.63,81.9,77,51,5.61,light rain
381,Finote Selam,ET,2020-08-23 17:21:53,10.7,37.27,60.15,90,92,1.3,light rain
382,Sao Geraldo Do Araguaia,BR,2020-08-23 17:21:54,-6.4,-48.55,99.16,23,40,4.54,scattered clouds
383,Constitucion,CL,2020-08-23 17:21:54,-35.33,-72.42,53.35,75,100,21.34,overcast clouds
384,Yerbogachen,RU,2020-08-23 17:20:16,61.28,108.01,48.76,61,53,7.05,broken clouds
385,Sobolevo,RU,2020-08-23 17:20:13,54.43,31.9,64.51,83,82,8.95,broken clouds
386,Koroni,GR,2020-08-23 17:21:55,36.8,21.95,89.6,29,20,9.37,few clouds
387,Congonhas,BR,2020-08-23 17:21:55,-20.5,-43.86,68.0,56,75,5.82,broken clouds
388,Papar,MY,2020-08-23 17:16:59,5.73,115.93,75.2,100,20,2.24,few clouds
389,Norilsk,RU,2020-08-23 17:21:56,69.35,88.2,57.2,93,100,6.71,overcast clouds
390,Beloha,MG,2020-08-23 17:21:56,-25.17,45.05,67.89,81,1,9.37,clear sky
391,Kudahuvadhoo,MV,2020-08-23 17:21:56,2.67,72.89,84.78,65,91,3.89,overcast clouds
392,Cuamba,MZ,2020-08-23 17:21:56,-14.8,36.54,67.69,61,94,4.43,overcast clouds
393,Bani,DO,2020-08-23 17:21:57,18.28,-70.33,82.99,100,90,5.06,thunderstorm with light rain
394,Arlit,NE,2020-08-23 17:21:57,18.74,7.39,101.03,24,74,8.81,broken clouds
395,Ternate,ID,2020-08-23 17:21:57,0.8,127.4,80.04,83,24,3.65,few clouds
396,The Valley,AI,2020-08-23 17:19:58,18.22,-63.06,87.8,70,40,16.11,scattered clouds
397,Gravdal,NO,2020-08-23 17:21:58,68.12,13.5,53.6,81,75,4.7,broken clouds
398,Lasa,IT,2020-08-23 17:21:58,46.62,10.7,66.99,63,40,4.7,scattered clouds
399,Tautira,PF,2020-08-23 17:21:58,-17.73,-149.15,71.6,78,20,2.24,few clouds
400,Berbera,SO,2020-08-23 17:21:58,10.44,45.01,94.48,39,43,18.1,scattered clouds
401,Kendari,ID,2020-08-23 17:21:59,-3.94,122.5,71.62,89,10,2.39,clear sky
402,Taonan,CN,2020-08-23 17:21:59,45.33,122.78,67.44,90,100,7.0,light rain
403,Agadez,NE,2020-08-23 17:21:59,19.75,10.25,93.85,35,63,20.0,broken clouds
404,Tunceli,TR,2020-08-23 17:21:59,39.11,39.55,80.6,19,0,10.29,clear sky
405,Bayonet Point,US,2020-08-23 17:22:00,28.33,-82.68,93.0,63,93,4.0,overcast clouds
406,Ballina,AU,2020-08-23 17:21:20,-28.87,153.57,51.01,59,0,5.82,clear sky
407,Rocha,UY,2020-08-23 17:20:26,-34.48,-54.33,63.45,52,0,11.05,clear sky
408,Aksha,RU,2020-08-23 17:22:00,50.28,113.29,55.2,84,98,3.58,overcast clouds
409,Vostok,RU,2020-08-23 17:22:00,46.49,135.88,53.92,88,100,3.42,overcast clouds
410,Maniitsoq,GL,2020-08-23 17:22:01,65.42,-52.9,46.18,86,47,5.17,scattered clouds
411,Acari,PE,2020-08-23 17:22:01,-15.43,-74.62,71.94,44,42,8.81,scattered clouds
412,Nuuk,GL,2020-08-23 17:22:01,64.18,-51.72,41.0,93,99,3.36,overcast clouds
413,Rafai,CF,2020-08-23 17:22:02,4.95,23.92,69.96,96,79,2.3,broken clouds
414,Camocim,BR,2020-08-23 17:22:02,-2.9,-40.84,90.99,43,0,16.42,clear sky
415,Sorland,NO,2020-08-23 17:19:32,67.67,12.69,51.8,81,75,19.46,light intensity shower rain
416,El Campo,US,2020-08-23 17:22:02,29.2,-96.27,91.99,46,40,4.7,scattered clouds
417,Itupiranga,BR,2020-08-23 17:22:02,-5.13,-49.33,96.8,44,40,4.7,scattered clouds
418,Barranca,PE,2020-08-23 17:22:03,-10.75,-77.77,66.13,65,25,8.75,scattered clouds
419,Acajutla,SV,2020-08-23 17:21:46,13.59,-89.83,78.8,78,20,6.6,few clouds
420,Talara,PE,2020-08-23 17:22:03,-4.58,-81.27,69.94,61,49,20.24,scattered clouds
421,Sechura,PE,2020-08-23 17:22:03,-5.56,-80.82,74.59,48,3,9.53,clear sky
422,Bijie,CN,2020-08-23 17:22:03,27.31,105.29,67.68,91,27,5.64,scattered clouds
423,Coronel Vivida,BR,2020-08-23 17:22:04,-25.98,-52.57,65.07,58,0,8.77,clear sky
424,Karabash,RU,2020-08-23 17:22:04,55.48,60.22,50.04,94,26,5.44,scattered clouds
425,Takoradi,GH,2020-08-23 17:22:04,4.88,-1.76,77.31,80,51,12.17,broken clouds
426,Tahe,CN,2020-08-23 17:22:05,52.33,124.73,58.01,96,100,3.11,light rain
427,Terrace,CA,2020-08-23 17:18:27,54.52,-128.6,55.4,87,90,3.36,overcast clouds
428,Yenagoa,NG,2020-08-23 17:22:05,4.92,6.26,78.17,80,100,6.67,overcast clouds
429,Natal,BR,2020-08-23 17:22:05,-5.79,-35.21,84.2,54,40,23.04,scattered clouds
430,Borovskoy,KZ,2020-08-23 17:22:05,53.8,64.15,55.24,90,60,7.05,broken clouds
431,Egvekinot,RU,2020-08-23 17:20:15,66.32,-179.17,46.2,96,99,3.71,light rain
432,Marienburg,PL,2020-08-23 17:22:06,54.04,19.03,72.0,100,47,9.17,scattered clouds
433,Hammerfest,NO,2020-08-23 17:18:11,70.66,23.68,51.8,100,90,17.22,fog
434,Kununurra,AU,2020-08-23 17:19:21,-15.77,128.73,62.6,24,1,7.25,clear sky
435,Guarapari,BR,2020-08-23 17:20:52,-20.67,-40.5,71.6,64,75,19.46,broken clouds
436,San Patricio,MX,2020-08-23 17:19:23,19.22,-104.7,84.2,83,75,6.93,broken clouds
437,Ca Mau,VN,2020-08-23 17:22:07,9.18,105.15,79.63,85,97,3.4,overcast clouds
438,Crib Point,AU,2020-08-23 17:22:07,-38.35,145.2,45.0,93,87,11.25,light rain
439,Turukhansk,RU,2020-08-23 17:19:55,65.82,87.98,55.27,88,100,8.59,light rain
440,Kavaratti,IN,2020-08-23 17:22:09,10.57,72.64,82.51,78,47,11.39,light rain
441,Parfino,RU,2020-08-23 17:22:09,57.97,31.65,65.08,88,100,6.93,overcast clouds
442,Salinas,US,2020-08-23 17:19:47,36.68,-121.66,72.0,68,1,3.36,clear sky
443,Waingapu,ID,2020-08-23 17:19:14,-9.66,120.26,73.94,81,75,5.21,broken clouds
444,Sanda,JP,2020-08-23 17:21:07,34.88,135.23,70.0,100,28,3.09,scattered clouds
445,Taksimo,RU,2020-08-23 17:22:10,56.34,114.88,55.02,81,100,2.08,light rain
446,Awjilah,LY,2020-08-23 17:22:10,29.11,21.29,91.02,20,0,10.74,clear sky
447,Kondol,RU,2020-08-23 17:22:10,52.82,45.06,70.0,41,17,2.28,few clouds
448,Hong Gai,VN,2020-08-23 17:22:11,20.96,107.09,84.2,89,20,5.82,few clouds
449,Ambunti,PG,2020-08-23 17:22:11,-4.24,142.84,73.24,98,100,1.81,light rain
450,Santa Fe,AR,2020-08-23 17:22:11,-31.63,-60.7,72.0,30,0,5.99,clear sky
451,Geraldton,AU,2020-08-23 17:20:09,-28.77,114.6,50.0,87,40,2.24,scattered clouds
452,Anglet,FR,2020-08-23 17:22:11,43.48,-1.51,73.4,68,20,9.17,few clouds
453,Chapais,CA,2020-08-23 17:17:42,49.78,-74.85,66.2,55,90,11.41,overcast clouds
454,Nago,JP,2020-08-23 17:19:58,26.59,127.98,82.4,88,90,24.16,overcast clouds
455,Paita,PE,2020-08-23 17:22:12,-5.09,-81.11,69.49,59,36,12.59,scattered clouds
456,Kyrksaeterora,NO,2020-08-23 17:22:12,63.29,9.09,54.0,76,75,14.99,shower rain
457,La Teste-De-Buch,FR,2020-08-23 17:22:12,44.63,-1.14,73.4,56,31,11.41,scattered clouds
458,Severo-Kurilsk,RU,2020-08-23 17:19:22,50.68,156.12,51.06,73,95,5.32,overcast clouds
459,Yinchuan,CN,2020-08-23 17:22:13,38.47,106.27,65.79,71,0,9.26,clear sky
460,Dwarka,IN,2020-08-23 17:22:13,22.24,68.97,82.67,84,100,15.75,moderate rain
461,Atessa,IT,2020-08-23 17:22:13,42.07,14.45,82.99,65,9,1.01,clear sky
462,Mchinji,MW,2020-08-23 17:22:14,-13.8,32.88,65.53,56,78,5.1,broken clouds
463,Port Hedland,AU,2020-08-23 17:22:14,-20.32,118.57,64.4,55,0,8.05,clear sky
464,La Orilla,MX,2020-08-23 17:22:14,17.98,-102.23,83.71,83,76,4.45,light rain
465,Nova Esperanca,BR,2020-08-23 17:22:14,4.44,-61.12,79.34,71,43,5.59,light rain
466,Villa Maria,AR,2020-08-23 17:22:14,-32.41,-63.24,71.01,21,0,8.01,clear sky
467,Lompoc,US,2020-08-23 17:19:27,34.64,-120.46,75.2,73,1,5.82,clear sky
468,Gat,IL,2020-08-23 17:19:01,31.61,34.76,84.99,41,0,8.08,clear sky
469,Biak,ID,2020-08-23 17:22:15,-0.91,122.88,74.37,69,1,6.06,clear sky
470,San Clemente,US,2020-08-23 17:18:15,33.43,-117.61,84.99,86,5,4.0,clear sky
471,Zhangye,CN,2020-08-23 17:22:15,38.93,100.45,71.76,34,6,6.31,clear sky
472,Koslan,RU,2020-08-23 17:22:16,63.46,48.9,61.93,77,63,5.79,broken clouds
473,Aripuana,BR,2020-08-23 17:21:13,-9.17,-60.63,103.39,19,0,1.83,clear sky
474,Pak Phanang,TH,2020-08-23 17:22:16,8.35,100.2,81.93,74,34,3.76,light rain
475,Korla,CN,2020-08-23 17:22:16,41.76,86.15,84.99,56,21,3.0,few clouds
476,Coolum Beach,AU,2020-08-23 17:22:17,-26.53,153.1,48.0,70,0,8.59,clear sky
477,Miracema Do Tocantins,BR,2020-08-23 17:22:17,-9.56,-48.4,94.69,24,52,5.37,broken clouds
478,Shimoda,JP,2020-08-23 17:22:17,34.67,138.95,70.0,93,41,7.65,scattered clouds
479,Nurota,UZ,2020-08-23 17:22:17,40.56,65.69,89.6,18,24,9.17,few clouds
480,Udachnyy,RU,2020-08-23 17:22:17,66.42,112.4,45.95,59,0,2.19,clear sky
481,Viedma,AR,2020-08-23 17:22:18,-40.81,-63.0,68.0,26,19,8.99,few clouds
482,Mamallapuram,IN,2020-08-23 17:22:18,12.63,80.17,84.2,83,40,9.17,scattered clouds
483,Sao Gabriel Da Cachoeira,BR,2020-08-23 17:22:18,-0.13,-67.09,73.4,83,75,2.24,broken clouds
484,La Ronge,CA,2020-08-23 17:22:18,55.1,-105.28,64.4,59,75,21.92,broken clouds
485,Caucaia,BR,2020-08-23 17:22:18,-3.74,-38.65,82.4,61,20,19.46,few clouds
486,Novyy Urgal,RU,2020-08-23 17:22:19,51.07,132.56,55.76,94,94,1.14,overcast clouds
487,Karratha,AU,2020-08-23 17:17:48,-20.74,116.85,74.26,47,12,7.52,few clouds
488,Salinopolis,BR,2020-08-23 17:22:19,-0.61,-47.36,82.87,78,30,11.32,light rain
489,Colac,AU,2020-08-23 17:22:19,-38.33,143.58,41.0,98,21,3.65,few clouds
490,Mount Isa,AU,2020-08-23 17:19:43,-20.73,139.5,48.2,34,0,10.69,clear sky
491,Altamira,BR,2020-08-23 17:22:20,-3.2,-52.21,89.6,59,75,3.36,broken clouds
492,Iwanai,JP,2020-08-23 17:22:20,42.97,140.51,60.03,84,65,3.94,broken clouds
493,Ishigaki,JP,2020-08-23 17:22:20,24.34,124.16,85.05,79,100,19.06,overcast clouds
494,Banda Aceh,ID,2020-08-23 17:22:20,5.56,95.32,80.33,78,67,5.44,broken clouds
495,Verkh-Usugli,RU,2020-08-23 17:22:21,52.7,115.17,52.59,96,100,2.73,overcast clouds
496,Harper,LR,2020-08-23 17:22:21,4.38,-7.72,77.7,77,73,11.43,broken clouds
497,Valpoi,IN,2020-08-23 17:22:21,15.53,74.14,71.6,94,75,4.7,broken clouds
498,Canalete,CO,2020-08-23 17:22:21,8.68,-76.2,85.08,73,64,0.54,broken clouds
499,Nelson Bay,AU,2020-08-23 17:22:21,-32.72,152.15,51.01,61,1,18.34,clear sky
500,Wajid,SO,2020-08-23 17:22:22,3.81,43.25,80.08,56,64,19.06,broken clouds
501,Fare,PF,2020-08-23 17:22:22,-16.7,-151.02,76.91,77,0,19.86,clear sky
502,Vegueta,PE,2020-08-23 17:22:22,-11.02,-77.64,66.52,64,15,8.61,few clouds
503,Saint-Joseph,RE,2020-08-23 17:19:21,-21.37,55.62,68.0,72,12,4.7,few clouds
504,Camana,PE,2020-08-23 17:22:23,-16.62,-72.71,63.81,66,15,6.85,few clouds
505,Vila Velha,BR,2020-08-23 17:22:23,-20.33,-40.29,73.4,60,75,16.11,broken clouds
506,Atbasar,KZ,2020-08-23 17:22:23,51.8,68.33,57.43,75,17,4.36,few clouds
507,Yuza,JP,2020-08-23 17:22:23,39.0,139.92,74.5,82,20,6.71,few clouds
508,Necochea,AR,2020-08-23 17:19:57,-38.55,-58.74,66.0,44,0,21.0,clear sky
509,Soma,TR,2020-08-23 17:17:42,39.19,27.61,86.0,48,0,20.8,clear sky
510,Dickinson,US,2020-08-23 17:22:24,29.46,-95.05,91.0,52,40,9.17,scattered clouds
511,Pryluky,UA,2020-08-23 17:22:24,50.59,32.39,68.2,41,0,6.78,clear sky
512,Arkhangelsk,RU,2020-08-23 17:22:24,64.54,40.54,59.0,100,90,8.95,light intensity shower rain
513,Denpasar,ID,2020-08-23 17:22:04,-8.65,115.22,78.8,100,20,8.05,few clouds
514,Emba,KZ,2020-08-23 17:22:25,48.83,58.14,66.38,49,100,4.14,overcast clouds
515,Kastamonu,TR,2020-08-23 17:22:25,41.5,33.67,63.1,80,38,4.36,scattered clouds
516,Portland,US,2020-08-23 17:17:20,45.52,-122.68,69.01,55,1,6.93,clear sky
517,Buta,CD,2020-08-23 17:22:25,2.79,24.73,69.33,96,100,1.3,overcast clouds
518,Pulawy,PL,2020-08-23 17:22:26,51.42,21.97,73.99,10,92,6.29,light rain
519,Aykhal,RU,2020-08-23 17:22:26,66.0,111.5,44.96,64,0,2.71,clear sky
520,Aasiaat,GL,2020-08-23 17:22:26,68.71,-52.87,42.31,67,16,7.7,few clouds
521,Christchurch,NZ,2020-08-23 17:22:24,-43.53,172.63,52.0,93,100,6.93,light rain
522,Hayden,US,2020-08-23 17:20:14,47.77,-116.79,71.01,43,1,9.17,clear sky
523,Gambela,ET,2020-08-23 17:22:27,8.25,34.58,75.81,83,100,1.88,light rain
524,Kotdwara,IN,2020-08-23 17:22:27,29.75,78.53,77.54,84,97,4.21,overcast clouds
525,Nassogne,BE,2020-08-23 17:22:27,50.13,5.34,62.01,86,42,8.01,light rain
526,Derzhavinsk,KZ,2020-08-23 17:22:27,51.1,66.32,63.66,57,84,4.23,broken clouds
527,Rancho Palos Verdes,US,2020-08-23 17:19:57,33.74,-118.39,82.0,78,40,1.36,scattered clouds
528,Sturgeon Falls,CA,2020-08-23 17:22:28,46.36,-79.93,75.0,88,90,3.36,light intensity shower rain
529,Seoul,KR,2020-08-23 17:21:14,37.57,126.98,73.4,88,40,0.74,scattered clouds
530,Griffith,US,2020-08-23 17:22:28,41.53,-87.42,86.0,51,1,9.17,clear sky
531,Kosino,RU,2020-08-23 17:22:28,58.41,51.28,59.2,90,3,3.69,clear sky
532,Xiongzhou,CN,2020-08-23 17:22:29,25.12,114.3,78.71,80,6,2.68,light rain
533,Vanimo,PG,2020-08-23 17:22:29,-2.67,141.3,77.76,81,95,3.02,moderate rain
534,Antalaha,MG,2020-08-23 17:22:29,-14.9,50.28,70.23,80,99,9.4,light rain
535,Vestmannaeyjar,IS,2020-08-23 17:22:29,63.44,-20.27,55.4,66,91,9.17,overcast clouds
536,Slave Lake,CA,2020-08-23 17:22:30,55.28,-114.77,62.6,55,20,14.99,few clouds
537,Wanning,CN,2020-08-23 17:22:30,18.8,110.4,80.78,85,100,5.84,overcast clouds
538,Dhidhdhoo,MV,2020-08-23 17:22:30,6.88,73.1,84.31,69,32,7.72,light rain
539,Placido De Castro,BR,2020-08-23 17:22:31,-10.34,-67.19,94.39,24,0,0.54,clear sky
540,Sakakah,SA,2020-08-23 17:21:00,29.97,40.21,98.6,13,0,10.29,clear sky
541,Novoagansk,RU,2020-08-23 17:22:31,61.94,76.66,50.02,92,71,3.11,broken clouds
542,Presidencia Roque Saenz Pena,AR,2020-08-23 17:22:31,-26.79,-60.44,74.05,35,12,10.98,few clouds
543,Horta,PT,2020-08-23 17:22:31,38.53,-28.63,77.0,88,40,6.93,scattered clouds
544,Kahului,US,2020-08-23 17:22:32,20.89,-156.47,80.6,61,20,10.29,few clouds
545,Assentoft,DK,2020-08-23 17:22:32,56.44,10.15,66.2,63,29,11.41,scattered clouds
546,Kaffrine,SN,2020-08-23 17:22:32,14.11,-15.55,89.6,70,75,11.41,broken clouds
547,Campbell River,CA,2020-08-23 17:22:32,50.02,-125.24,60.8,72,75,11.41,broken clouds
548,Coos Bay,US,2020-08-23 17:22:33,43.37,-124.22,66.0,87,20,6.71,few clouds
549,Deputatskiy,RU,2020-08-23 17:22:33,69.3,139.9,31.05,99,100,3.29,overcast clouds
550,Baherden,TM,2020-08-23 17:19:55,38.44,57.43,86.5,30,8,12.08,clear sky
551,Ulaangom,MN,2020-08-23 17:22:33,49.98,92.07,56.73,66,90,3.49,overcast clouds
552,Dothan,US,2020-08-23 17:21:53,31.22,-85.39,84.2,70,20,6.93,few clouds
553,San Juan,AR,2020-08-23 17:22:34,-31.54,-68.54,68.58,21,0,3.78,clear sky
554,Dukat,RU,2020-08-23 17:22:34,62.55,155.55,30.76,98,93,2.33,overcast clouds
555,Logan Lake,CA,2020-08-23 17:22:34,50.5,-120.8,60.8,55,90,3.36,overcast clouds
556,North Platte,US,2020-08-23 17:22:34,41.12,-100.77,89.01,48,1,5.82,clear sky
557,Boshan,CN,2020-08-23 17:22:35,36.48,117.83,84.0,75,56,10.98,broken clouds
558,Morondava,MG,2020-08-23 17:22:35,-20.28,44.28,73.63,86,0,9.71,clear sky
559,Nuevo Progreso,MX,2020-08-23 17:22:35,23.17,-97.95,90.0,55,0,1.99,clear sky
560,Keti Bandar,PK,2020-08-23 17:22:36,24.14,67.45,84.52,83,100,12.06,light rain
561,Lokomotivnyy,RU,2020-08-23 17:22:36,53.01,60.57,54.16,80,67,2.28,broken clouds
562,Ulladulla,AU,2020-08-23 17:19:43,-35.35,150.47,48.2,57,0,16.11,clear sky
563,Hearst,CA,2020-08-23 17:22:36,49.68,-83.67,61.81,62,82,6.11,broken clouds
564,Hami,CN,2020-08-23 17:22:36,42.8,93.45,82.74,20,80,6.89,broken clouds
565,Japura,ID,2020-08-23 17:22:37,-0.32,102.35,74.62,95,59,2.13,broken clouds
566,Nome,US,2020-08-23 17:14:27,64.5,-165.41,51.8,87,90,5.82,overcast clouds
567,Vila Do Maio,CV,2020-08-23 17:22:37,15.13,-23.22,84.2,74,75,11.41,broken clouds
568,Sao Joao Da Barra,BR,2020-08-23 17:22:37,-21.64,-41.05,75.2,50,75,11.41,broken clouds
569,Chaumont,FR,2020-08-23 17:22:38,48.12,5.13,72.0,43,10,5.01,clear sky
570,Padang,ID,2020-08-23 17:22:38,-0.95,100.35,79.5,71,95,4.05,overcast clouds
571,Novo Aripuana,BR,2020-08-23 17:19:38,-5.12,-60.38,101.25,22,0,2.82,clear sky
572,Nabire,ID,2020-08-23 17:20:17,-3.37,135.48,75.81,89,100,3.96,light rain
573,Hamilton,US,2020-08-23 17:18:03,39.18,-84.53,84.99,69,1,4.7,clear sky
574,Tabuk,PH,2020-08-23 17:22:39,17.42,121.44,74.98,82,100,3.15,overcast clouds
575,Itoman,JP,2020-08-23 17:20:10,26.12,127.67,82.4,88,75,29.97,shower rain
576,Aswan,EG,2020-08-23 17:22:39,24.09,32.91,93.43,18,0,6.58,clear sky
577,Sept-Iles,CA,2020-08-23 17:22:40,50.2,-66.38,62.6,55,75,8.05,broken clouds
578,Lichinga,MZ,2020-08-23 17:22:40,-13.31,35.24,60.8,72,75,8.05,smoke
579,Fairbanks,US,2020-08-23 17:22:40,64.84,-147.72,57.2,93,75,3.36,broken clouds
580,Zumarraga,PH,2020-08-23 17:22:40,11.64,124.84,79.57,83,56,4.61,broken clouds
581,Carazinho,BR,2020-08-23 17:22:40,-28.28,-52.79,61.29,71,0,11.63,clear sky
582,West Monroe,US,2020-08-23 17:22:41,32.52,-92.15,91.4,49,20,4.7,few clouds
583,Fujin,CN,2020-08-23 17:22:41,47.26,132.03,62.01,95,78,6.82,broken clouds
584,Ulaanbaatar,MN,2020-08-23 17:22:41,47.91,106.88,55.4,66,0,4.47,clear sky
585,Karsava,LV,2020-08-23 17:22:42,56.78,27.69,65.62,88,88,5.55,overcast clouds
586,Bowen,AU,2020-08-23 17:22:42,-20.02,148.23,55.99,87,27,2.24,scattered clouds
587,The Pas,CA,2020-08-23 17:22:42,53.83,-101.25,69.8,56,1,12.82,clear sky
588,Cap-Aux-Meules,CA,2020-08-23 17:22:42,47.38,-61.86,69.8,68,40,11.41,scattered clouds
589,Queimadas,BR,2020-08-23 17:22:43,-10.98,-39.63,87.24,38,58,12.8,broken clouds
590,Matara,LK,2020-08-23 17:20:10,5.95,80.54,78.82,87,12,5.68,few clouds
591,Hwange,ZW,2020-08-23 17:22:43,-18.37,26.5,69.57,34,47,5.17,scattered clouds
592,Ekhabi,RU,2020-08-23 17:22:43,53.51,142.97,46.67,96,0,2.08,clear sky
593,Pascagoula,US,2020-08-23 17:22:43,30.37,-88.56,87.8,66,40,6.93,scattered clouds
594,Sur,OM,2020-08-23 17:22:44,22.57,59.53,80.64,75,95,13.24,overcast clouds
595,Marsa Matruh,EG,2020-08-23 17:22:44,31.35,27.25,82.4,65,20,9.17,few clouds
596,Port-Gentil,GA,2020-08-23 17:22:44,-0.72,8.78,80.6,69,40,13.35,scattered clouds
597,Picton,AU,2020-08-23 17:22:44,-34.18,150.6,46.99,66,1,1.01,clear sky
598,Hun,LY,2020-08-23 17:22:45,29.13,15.95,92.53,21,0,8.75,clear sky
599,Chicama,PE,2020-08-23 17:22:45,-7.84,-79.15,73.92,48,38,9.55,scattered clouds
600,Maragheh,IR,2020-08-23 17:22:45,37.39,46.24,68.0,49,40,4.7,thunderstorm
601,Ottumwa,US,2020-08-23 17:22:45,41.02,-92.41,89.01,55,1,5.82,clear sky
602,Morant Bay,JM,2020-08-23 17:20:04,17.88,-76.41,89.01,74,75,6.93,broken clouds
603,Koratla,IN,2020-08-23 17:22:46,18.82,78.72,77.18,87,98,7.31,overcast clouds
604,Nha Trang,VN,2020-08-23 17:22:46,12.25,109.18,84.2,83,20,1.12,few clouds
605,Bouna,CI,2020-08-23 17:22:46,9.27,-3.0,85.68,56,83,7.76,broken clouds
606,Cockburn Town,TC,2020-08-23 17:22:47,21.46,-71.14,83.97,75,100,34.47,overcast clouds
607,Kristianstad,SE,2020-08-23 17:22:47,56.03,14.15,69.01,68,72,8.05,light rain
608,Otofuke,JP,2020-08-23 17:22:47,42.99,143.2,66.38,91,99,1.86,overcast clouds
609,Ocampo,MX,2020-08-23 17:22:47,21.65,-101.5,68.94,51,0,8.46,clear sky
610,Jiuquan,CN,2020-08-23 17:22:48,39.74,98.52,71.82,24,37,6.73,scattered clouds
611,Oranjestad,AW,2020-08-23 17:19:30,12.52,-70.03,89.6,62,20,14.99,few clouds
612,Alto Araguaia,BR,2020-08-23 17:22:48,-17.31,-53.22,89.89,27,34,4.54,scattered clouds
613,Catamarca,AR,2020-08-23 17:19:33,-28.47,-65.79,73.99,24,41,4.0,scattered clouds
614,Shirokiy,RU,2020-08-23 17:22:49,49.76,129.52,62.6,80,100,6.11,overcast clouds
615,Zhezkazgan,KZ,2020-08-23 17:22:49,47.8,67.71,64.4,68,90,11.18,light intensity shower rain
616,Hualmay,PE,2020-08-23 17:22:49,-11.1,-77.61,66.88,63,17,8.41,few clouds
617,Puerto Escondido,MX,2020-08-23 17:22:49,15.85,-97.07,82.4,65,90,6.93,overcast clouds
618,Cayenne,GF,2020-08-23 17:22:49,4.93,-52.33,75.2,83,2,10.29,light rain
619,Dondo,MZ,2020-08-23 17:22:50,-19.61,34.74,68.0,82,8,8.05,clear sky
620,Abrau-Dyurso,RU,2020-08-23 17:22:50,44.69,37.59,73.0,56,0,8.95,clear sky
621,Madoc,CA,2020-08-23 17:22:50,44.51,-77.47,89.01,34,34,3.69,scattered clouds
622,Soria,ES,2020-08-23 17:22:50,41.67,-2.67,73.99,40,52,11.01,broken clouds
623,Jijiga,ET,2020-08-23 17:22:51,9.35,42.8,64.76,73,93,13.4,overcast clouds
624,Kirkcudbright,GB,2020-08-23 17:22:51,54.84,-4.05,62.01,82,73,7.0,light rain
625,Fuerte Olimpo,PY,2020-08-23 17:22:51,-21.04,-57.87,78.1,44,33,7.34,scattered clouds
626,Akdepe,TM,2020-08-23 17:22:51,42.06,59.38,84.2,35,0,18.34,clear sky
627,Palmer,US,2020-08-23 17:22:52,42.16,-72.33,90.0,43,20,11.41,few clouds
628,Solnechnyy,RU,2020-08-23 17:22:52,50.72,136.63,57.33,91,97,1.21,overcast clouds
629,Male,MV,2020-08-23 17:22:52,4.17,73.51,84.2,83,75,5.82,broken clouds
630,Pastavy,BY,2020-08-23 17:22:52,55.12,26.83,65.5,88,100,6.22,overcast clouds
631,Sambava,MG,2020-08-23 17:19:57,-14.27,50.17,71.71,78,100,13.6,light rain
632,Bloemhof,ZA,2020-08-23 17:22:53,-27.65,25.61,56.12,41,0,4.81,clear sky
633,Chimbote,PE,2020-08-23 17:22:53,-9.09,-78.58,66.97,63,41,9.91,scattered clouds
634,Nyurba,RU,2020-08-23 17:22:53,63.28,118.33,41.18,78,0,3.67,clear sky
635,Jumla,NP,2020-08-23 17:22:53,29.27,82.18,63.1,71,80,0.63,broken clouds
636,Formosa,AR,2020-08-23 17:22:54,-26.18,-58.18,78.8,27,0,13.87,clear sky
637,Akwatia,GH,2020-08-23 17:22:54,6.04,-0.81,81.16,70,57,6.24,light rain
638,Yining,CN,2020-08-23 17:22:54,29.04,114.56,77.36,82,0,2.15,clear sky
639,Ndola,ZM,2020-08-23 17:22:54,-12.96,28.64,62.42,55,53,5.37,broken clouds
640,Haines Junction,CA,2020-08-23 17:22:55,60.75,-137.51,53.26,72,91,2.51,overcast clouds
641,Mana,GF,2020-08-23 17:22:55,5.66,-53.78,84.94,69,4,10.11,light rain
642,Honiara,SB,2020-08-23 17:22:55,-9.43,159.95,73.4,100,75,3.36,broken clouds
643,Grand-Santi,GF,2020-08-23 17:20:05,4.25,-54.38,97.21,36,23,2.95,few clouds
644,Aksarka,RU,2020-08-23 17:22:55,66.56,67.8,52.23,86,99,12.3,overcast clouds
645,Muroto,JP,2020-08-23 17:22:56,33.28,134.15,82.85,77,52,3.56,light rain
646,Saint Anthony,US,2020-08-23 17:20:33,45.02,-93.22,88.0,62,40,4.85,scattered clouds
647,Waterfoot,GB,2020-08-23 17:22:56,53.69,-2.25,61.0,85,91,4.0,light rain
648,Luba,GQ,2020-08-23 17:22:56,3.46,8.55,75.92,86,100,9.75,light rain
649,Arroyo,ES,2020-08-23 17:22:57,41.61,-4.8,82.0,21,85,2.24,overcast clouds
650,Ust-Kuyga,RU,2020-08-23 17:22:57,70.02,135.6,31.6,96,84,6.76,broken clouds
651,Talin,EE,2020-08-23 17:21:55,59.44,24.75,62.6,82,20,8.05,few clouds
652,Morgan City,US,2020-08-23 17:22:57,29.7,-91.21,89.6,66,40,10.29,scattered clouds
653,Newport,GB,2020-08-23 17:18:51,51.59,-3.0,64.0,73,97,1.01,overcast clouds
654,Mahanoro,MG,2020-08-23 17:22:58,-19.9,48.8,67.21,79,18,3.76,few clouds
655,Yichun,CN,2020-08-23 17:22:58,47.7,128.9,58.14,83,35,2.39,scattered clouds
656,Moron,AR,2020-08-23 17:19:42,-34.65,-58.62,64.99,45,0,11.41,clear sky
657,Grand Gaube,MU,2020-08-23 17:19:33,-20.01,57.66,72.0,69,18,7.0,few clouds
658,Petropavlovsk-Kamchatskiy,RU,2020-08-23 17:22:58,53.05,158.65,50.0,100,75,4.47,light intensity shower rain
659,Bontang,ID,2020-08-23 17:22:59,0.13,117.5,77.59,85,9,6.49,clear sky
660,Elmina,GH,2020-08-23 17:22:59,5.09,-1.35,76.59,82,34,12.44,scattered clouds
661,Havoysund,NO,2020-08-23 17:22:04,71.0,24.66,57.2,82,75,10.29,broken clouds
662,Rudbar,AF,2020-08-23 17:22:59,30.15,62.6,96.76,26,0,14.74,clear sky
663,Gazli,UZ,2020-08-23 17:22:59,40.13,63.45,91.45,11,67,14.74,broken clouds
664,Ankaran,SI,2020-08-23 17:23:00,45.58,13.74,82.4,51,75,9.98,broken clouds
